stamp_s,x_m,y_m,yaw_rad,ot_overlap
10.599999763,89631.4163,43127.808600000004,2.215628643060058,0
10.649999761,89631.4163,43127.808600000004,2.215624165901834,0
10.69999976,89631.4161,43127.8084,2.215607110144433,0
10.749999759,89631.4161,43127.8085,2.2155956362239997,0
10.849999757,89631.41619999999,43127.8085,2.215576906816042,0
10.949999755,89631.4163,43127.8084,2.2155190433564216,0
11.049999753,89631.4083,43127.8164,2.2147128460752294,0
11.099999751,89631.4085,43127.8242,2.2141618050577527,0
11.14999975,89631.4005,43127.832,2.2129723508619064,0
11.199999749,89631.3929,43127.8438,2.2113631045331523,0
11.299999747,89631.3771,43127.8709,2.207486355732852,0
11.349999746,89631.3614,43127.886600000005,2.204651988457334,0
11.399999745,89631.3536,43127.906200000005,2.200190921661958,0
11.499999742,89631.3304,43127.945400000004,2.1906968597848344,0
11.549999741,89631.3147,43127.9688,2.1810926680597507,0
11.59999974,89631.2989,43127.996,2.1711126160141916,0
11.649999739,89631.2755,43128.0233,2.1661425683012867,0
11.749999737,89631.2444,43128.086,2.147481361588643,0
11.799999736,89631.221,43128.1172,2.140128600759255,0
11.949999732,89631.1585,43128.2306,2.120056047471598,0
11.999999731,89631.1351,43128.269400000005,2.1152434959133486,0
12.099999729,89631.0803,43128.359300000004,2.1060602616240747,0
12.149999728,89631.0568,43128.406,2.102635409829393,0
12.199999727,89631.0255,43128.4531,2.098443791372235,0
12.299999725,89630.9629,43128.5584,2.0946736808270665,0
12.349999723,89630.9396,43128.613300000005,2.09270752026733,0
12.399999722,89630.9008,43128.671800000004,2.090333910797119,0
12.449999721,89630.8694,43128.730200000005,2.088699733427751,0
12.49999972,89630.8381,43128.7892,2.086629604996674,0
12.599999718,89630.7678,43128.9181,2.0835996720837167,0
12.649999717,89630.7286,43128.9884,2.0821504869826017,0
12.699999716,89630.6896,43129.0546,2.0805568387906135,0
12.749999715,89630.6506,43129.1249,2.0795943702517175,0
12.799999713,89630.6115,43129.199100000005,2.0786520418956074,0
12.999999709,89630.4397,43129.511600000005,2.0758254437781587,0
13.049999708,89630.3928,43129.5936,2.0752308167128173,0
13.099999707,89630.346,43129.679500000006,2.0746361896474754,0
13.199999704,89630.2522,43129.8553,2.0734938571730335,0
13.249999703,89630.2052,43129.9453,2.072740927425506,0
13.299999702000001,89630.1505,43130.0351,2.0720516683877657,0
13.349999701,89630.10369999999,43130.1287,2.0714361403531543,0
13.3999997,89630.0489,43130.2266,2.0707310723222867,0
13.499999698,89629.9475,43130.421800000004,2.069810140296855,0
13.549999697,89629.8927,43130.5235,2.0695659635806813,0
13.599999696,89629.838,43130.6289,2.069523919796768,0
13.649999694,89629.7757,43130.7345,2.0698457524741967,0
13.699999693,89629.721,43130.839700000004,2.0703561354573674,0
13.799999691,89629.6036,43131.0627,2.072007031757789,0
13.84999969,89629.54119999999,43131.175500000005,2.072923030356184,0
13.949999688,89629.41619999999,43131.4063,2.074761895450307,0
14.049999685,89629.2834,43131.6446,2.077128092505104,0
14.099999684,89629.2134,43131.7696,2.078386426459991,0
14.149999683,89629.1505,43131.8905,2.0797504209643987,0
14.199999682,89629.0803,43132.0195,2.0810959318755535,0
14.29999968,89628.9318,43132.2773,2.0843055661491383,0
14.349999679,89628.8618,43132.4063,2.086203027315921,0
14.399999678,89628.7834,43132.5391,2.088124557201484,0
14.449999677,89628.713,43132.6757,2.0902010246000295,0
14.499999675,89628.6351,43132.8124,2.0923393505797256,0
14.549999674,89628.5567,43132.9492,2.094589879842787,0
14.599999673,89628.471,43133.0896,2.0970803691702495,0
14.699999671,89628.3069,43133.3749,2.102248622361912,0
14.74999967,89628.2288,43133.519400000005,2.1049417349334676,0
14.799999669,89628.1428,43133.664000000004,2.1075693979104493,0
14.949999665,89627.8771,43134.1095,2.114995540883955,0
14.999999664,89627.7834,43134.262,2.117203035934018,0
15.049999663,89627.6975,43134.4141,2.1194105309840805,0
15.099999662,89627.6038,43134.5703,2.1217104004163043,0
15.19999966,89627.4085,43134.8828,2.1256336237469444,0
15.249999659,89627.3068,43135.0428,2.127366017293427,0
15.299999658,89627.2132,43135.2032,2.1286001280992752,0
15.399999655,89627.0098,43135.5273,2.1308532597107646,0
15.449999654,89626.4985800241,43135.91331533777,2.1330121277745158,0
15.549999652,89626.28979764726,43136.25011519603,2.138722450191277,0
15.599999651000001,89626.18819764727,43136.41861519603,2.1404466016202064,0
15.699999649,89625.9717952769,43136.76752594335,2.141325039124705,0
15.749999647,89625.86058589477,43136.938162314,2.1401600340902958,0
15.799999646,89625.73839278966,43137.110776279435,2.13805319684522,0
15.999999642,89625.29749522444,43137.8399859713,2.11699836911184,0
16.09999964,89625.08734044021,43138.22033468529,2.103399467238938,0
16.149999639,89624.98204545827,43138.41824167039,2.098049864574699,0
16.249999636,89624.76518792186,43138.809508874,2.087196233418121,0
16.349999634,89624.54845913689,43139.21302821791,2.077064107286589,0
16.399999633,89624.43887290143,43139.41623564263,2.0735998053358298,0
16.499999631,89624.22416546346,43139.8364410225,2.0694655189308038,0
16.54999963,89624.11449300154,43140.04725156146,2.0683083345471216,0
16.599999628,89624.00546231035,43140.258039388355,2.067551691299708,0
16.699999626,89623.77588403948,43140.69032474663,2.0667641171652145,0
16.749999625,89623.67241174991,43140.91194459037,2.0664421238383874,0
16.799999624,89623.56367952513,43141.1311784249,2.0661708728718033,0
16.899999622,89623.32411444378,43141.573783219894,2.066461672827959,0
16.99999962,89623.09115323603,43142.02763468516,2.0667466802265775,0
17.049999618,89622.97597908253,43142.25922274606,2.0666431034641706,0
17.149999616,89622.74272608515,43142.72445177384,2.0661333697907796,0
17.199999615,89622.61029613623,43142.951177847885,2.066109225305943,0
17.299999613,89622.36954554096,43143.42465759299,2.0662750771671043,0
17.399999611,89622.13552971158,43143.90544496797,2.0662159358991037,0
17.499999608,89621.86668058537,43144.38405982139,2.0669206846979415,0
17.549999607,89621.74950718576,43144.634187753094,2.067937472977244,0
17.599999606,89621.62453225358,43144.880249738955,2.069241473507564,0
17.699999604,89621.36655735827,43145.372311713065,2.0732573579243434,0
17.799999602,89621.09659503089,43145.87019701111,2.077752075744254,0
17.849999601,89620.95225133607,43146.12211288708,2.080681373619586,0
17.999999597,89620.53845786036,43146.88377177839,2.091433533599837,0
18.099999595,89620.25851631376,43147.39621710097,2.0996386111501892,0
18.199999593,89619.9563548056,43147.9087710797,2.107268795789819,0
18.249999592,89619.80922084211,43148.171351404264,2.1119993922127622,0
18.349999589,89619.50464914001,43148.69096745326,2.122400583419533,0
18.399999588,89619.34315763444,43148.94980352495,2.127937079651985,0
18.499999586,89619.02288294303,43149.46911864242,2.1391826769787112,0
18.599999584,89618.679130816,43149.991572805564,2.150444355062808,0
18.649999583,89618.51801468951,43150.25523809836,2.156101689107364,0
18.74999958,89618.17101503685,43150.78079782811,2.1680932597766045,0
18.799999579,89617.98583556134,43151.03871093927,2.1752724582958374,0
18.999999575,89617.24676596874,43152.09017573777,2.2066714017877453,0
19.049999574,89617.06085294946,43152.35690499532,2.2135391465125416,0
19.099999573,89616.86026145256,43152.6145199078,2.220406891237338,0
19.19999957,89616.46318833056,43153.14314998928,2.225796664568987,0
19.249999569,89616.25474187626,43153.40073852704,2.2263722555679615,0
19.299999568,89616.05291680271,43153.66739772245,2.2225165332750008,0
19.399999566,89615.64644173683,43154.19834027089,2.208598356844022,0
19.449999565,89615.4570470326,43154.472385959016,2.1994371472263485,0
19.499999564,89615.25129089145,43154.74393949378,2.1882392814763483,0
19.549999563,89615.06106474584,43155.02478387376,2.172860920458447,0
19.599999561,89614.86592425825,43155.30229626605,2.156288303208595,0
19.699999559,89614.49807609743,43155.873624383436,2.11442499953628,0
19.749999558,89614.32501328543,43156.17090237692,2.0923888608458805,0
19.799999557,89614.1573086313,43156.466281585796,2.0705469305710706,0
19.949999554,89613.69846276633,43157.38210559853,1.9926106977446805,0
19.999999552,89613.56367639093,43157.693542796565,1.9672965295839973,0
20.09999955,89613.30545952587,43158.32943213169,1.9148992703615704,0
20.149999549,89613.19974914314,43158.654301319715,1.8875595042727578,0
20.199999548,89613.09666071954,43158.980782787345,1.8611423439857975,0
20.249999547,89613.00017841048,43159.30668022937,1.8335557270500777,0
20.299999546,89612.91290269885,43159.63670485073,1.8041701603593798,0
20.449999542,89612.73172119271,43160.64343763758,1.6997299321718737,0
20.499999541,89612.67691049694,43160.97931963571,1.6610044584614292,0
20.54999954,89612.66390960904,43161.321518453144,1.6161307319039788,0
20.599999539,89612.64599098865,43161.66187554918,1.5747530952873159,0
20.699999537,89612.67021775265,43162.34192801524,1.4891730140281612,0
20.749999536,89612.70553306579,43162.68128081107,1.4439875689023638,0
20.799999535,89612.74266304621,43163.016793361094,1.3968228759815224,0
20.949999531,89612.99546661587,43164.00161856575,1.2186426924397586,0
20.99999953,89613.11037232813,43164.31398843577,1.1561807868054281,0
21.049999529,89613.25272815903,43164.62027729571,1.0935815864533895,0
21.099999528,89613.4194020272,43164.91278347657,1.0297467336694395,0
21.199999526,89613.78225857507,43165.46008523524,0.8992365510368622,0
21.249999525,89614.00139843006,43165.714338949554,0.8310651578130887,0
21.299999523,89614.22229545837,43165.956391301384,0.7579313570706032,0
21.399999521,89614.73609461545,43166.376669196965,0.6061617424149438,0
21.499999519,89615.30511770282,43166.722055108214,0.46779808582761284,0
21.549999518,89615.60403095679,43166.86153578582,0.400858442876586,0
21.599999517,89615.90661685425,43166.99072905074,0.33465866793649157,0
21.649999516,89616.22762560692,43167.08697842103,0.27590975320144884,0
21.699999514,89616.5457711943,43167.16492225578,0.21619220214996257,0
21.799999512,89617.20124104501,43167.27236222767,0.1219711193616892,0
21.849999511,89617.52328823376,43167.304194424134,0.08035556355515121,0
21.999999508,89618.50989995168,43167.31224146344,-0.08271523691801586,0
22.049999507,89618.82940849215,43167.27004991032,-0.13698191043699165,0
22.099999506,89619.15638244536,43167.219310833985,-0.19124858395596747,0
22.199999503,89619.80006154053,43167.06209020408,-0.2916327422965002,0
22.249999502,89620.11746739759,43166.96108462204,-0.34669556263139223,0
22.299999501,89620.42578462207,43166.84217002384,-0.4007346432721197,0
22.3499995,89620.72595463926,43166.70856754808,-0.45358074698721457,0
22.399999499,89621.02496490318,43166.55493504468,-0.5037075033784801,0
22.499999497,89621.58265569486,43166.21044500118,-0.5884776167826038,0
22.549999495,89621.85003340017,43166.02103765417,-0.622016799021066,0
22.599999494,89622.11218591007,43165.83257301507,-0.6546375915054268,0
22.649999493,89622.37340468942,43165.631226674035,-0.6910524884800786,0
22.699999492,89622.61609569135,43165.41827652851,-0.7325184404557618,0
22.79999949,89623.08537017697,43164.96002860513,-0.8149600922815068,0
22.849999489,89623.30416419214,43164.713985053,-0.8502396889572832,0
22.949999487,89623.72868452853,43164.20224324848,-0.9190585952558777,0
23.049999484,89624.11329255116,43163.6603150484,-0.9799815527462966,0
23.099999483,89624.29450296327,43163.37869701371,-1.008820385111928,0
23.149999482,89624.46624721897,43163.08846357184,-1.0334034836682529,0
23.199999481,89624.64528783529,43162.798663544665,-1.0537605606745017,0
23.299999479,89624.96166970531,43162.20239875322,-1.0877414176964761,0
23.349999478,89625.11195029737,43161.898270924634,-1.1003829139071541,0
23.399999476,89625.26684678871,43161.59269848989,-1.108123501575413,0
23.449999475,89625.42323182533,43161.28849337741,-1.116267907154355,0
23.499999474,89625.56572340392,43160.976258435425,-1.1204800898044995,0
23.599999472,89625.86270756296,43160.35949890045,-1.1258487296585489,0
23.649999471,89625.99741373757,43160.04410892422,-1.1269728947911744,0
23.69999947,89626.15145451829,43159.73822534179,-1.1280324944348847,0
23.749999469,89626.29918353015,43159.42540905236,-1.1286240588095187,0
23.799999468,89626.44756396629,43159.11275221647,-1.1295265529292482,0
23.949999464,89626.88516396626,43158.17525221647,-1.1327730839542105,0
23.999999463,89627.02041800434,43157.86052092261,-1.1341451008036472,0
24.099999461,89627.30958755601,43157.235352170785,-1.1368352408606546,0
24.14999946,89627.46296090541,43156.92525076244,-1.1383151970276513,0
24.199999459,89627.59881373757,43156.61040892422,-1.1402266570643853,0
24.249999457,89627.75241269064,43156.30042292541,-1.1420617193120037,0
24.299999456,89627.8865287605,43155.98103473864,-1.1437257261850589,0
24.399999454,89628.18079576506,43155.35434774082,-1.1471245595555544,0
24.449999453,89628.31648206605,43155.03570280445,-1.1485103702720796,0
24.499999452,89628.45810113156,43154.72400325071,-1.149418300301911,0
24.549999451,89628.5976611943,43154.406793530696,-1.1501804940659395,0
24.59999945,89628.73847264917,43154.090543077946,-1.1496310614668888,0
24.649999449,89628.87898206605,43153.774102804455,-1.1484640663046684,0
24.749999446,89629.16010993962,43153.14531519272,-1.1425280974060261,0
24.799999445,89629.31437355762,43152.83530928934,-1.137006279860236,0
24.899999443,89629.60357355762,43152.206409289334,-1.12296013807656,0
24.999999441,89629.90186922796,43151.5861285736,-1.1071668651835915,0
25.04999944,89630.06268644525,43151.27970771032,-1.0992656146171456,0
25.099999438,89630.2189167269,43150.971123035095,-1.091272023354358,0
25.149999437,89630.37508644524,43150.662407710326,-1.0835192248197396,0
25.249999435,89630.70147802643,43150.05643789612,-1.0687969338072503,0
25.299999434,89630.87909612399,43149.758556783054,-1.0626670899036739,0
25.349999433,89631.0372942753,43149.45053893228,-1.0571315881822025,0
25.399999432,89631.21472334123,43149.15301520846,-1.0519694858404036,0
25.49999943,89631.5521082744,43148.556311658904,-1.0410082219340286,0
25.549999428,89631.73487575214,43148.25741642367,-1.0348018884953294,0
25.599999427,89631.90379929129,43147.95860645634,-1.0282304525065282,0
25.649999426,89632.08770560009,43147.6643560016,-1.0210980830258165,0
25.699999425,89632.26881931051,43147.37195627455,-1.0138757627390433,0
25.799999423,89632.64188635792,43146.789897761526,-0.9983839569322807,0
25.849999422,89632.82731633428,43146.495557536284,-0.9917476185503513,0
25.949999419,89633.20402703823,43145.91849429754,-0.9810868074633557,0
26.049999417,89633.58670790073,43145.34411703639,-0.9752664381000079,0
26.099999416,89633.78760665184,43145.06294943619,-0.9729959591131375,0
26.149999415,89633.98291753283,43144.777588372,-0.9722181267048283,0
26.199999414,89634.1782715546,43144.492625381135,-0.972016796365853,0
26.299999412,89634.56841261026,43143.92194816564,-0.9733598987917468,0
26.349999411,89634.7639013986,43143.636877322664,-0.974526427307584,0
26.399999409,89634.95931753283,43143.351588372,-0.9759544903746488,0
26.449999408,89635.14302348714,43143.064172659186,-0.9772138101456138,0
26.499999407,89635.34216633983,43142.781453319236,-0.9781849529116715,0
26.599999405,89635.72091210083,43142.20453356483,-0.9785966419752976,0
26.649999404,89635.92063883408,43141.92227150079,-0.9776210531798426,0
26.699999403,89636.11546387854,43141.63678321605,-0.9752427601935435,0
26.749999402,89636.29767676868,43141.34416168626,-0.9712486063772634,0
26.849999399,89636.694003761,43140.77754745455,-0.9585250806693202,0
26.949999397,89637.09346305257,43140.216116135336,-0.938346077301026,0
26.999999396,89637.30083148435,43139.93779850765,-0.9267623632086581,0
27.099999394,89637.71617913168,43139.3880794133,-0.9008139971114371,0
27.149999393,89637.94495949817,43139.12615241582,-0.884255511925337,0
27.199999392,89638.15229713383,43138.853715043726,-0.8646381548166227,0
27.299999389,89638.60574798887,43138.33687635298,-0.815096517994398,0
27.349999388,89638.84798403757,43138.09008762966,-0.7851204469533356,0
27.449999386000002,89639.35205363284,43137.617256603655,-0.7117654922665564,0
27.499999385,89639.60689199751,43137.39605446208,-0.6648709215599617,0
27.599999383,89640.16174890051,43136.993503559606,-0.5531821242560554,0
27.649999381,89640.45060941322,43136.81664246031,-0.4933962419271365,0
27.749999379,89641.06839685343,43136.52051607781,-0.36053552116831744,0
27.799999378,89641.38851741089,43136.40846521766,-0.29077353009488177,0
27.949999375,89642.36450215401,43136.204082190416,-0.05927949916757913,0
28.049999373,89643.0255245732,43136.20463771233,0.1046366234496271,0
28.099999371,89643.34540962096,43136.24656109751,0.19163649758423595,0
28.199999369,89643.96269285845,43136.423620399444,0.34449767641553625,0
28.249999368,89644.2640531418,43136.5298226881,0.4035905084980422,0
28.299999367,89644.5543674375,43136.665694668,0.463242378881624,0
28.399999365,89645.10478503567,43136.968961394625,0.5904529629704963,0
28.499999362,89645.60006927815,43137.34908540431,0.7288911676575215,0
28.549999361,89645.83346645106,43137.55970542403,0.7979791251666636,0
28.59999936,89646.04789733943,43137.78806674955,0.8653415255916526,0
28.649999359,89646.24600555422,43138.03153598863,0.9357917371123425,0
28.699999358,89646.42728188875,43138.28969411682,1.0080836588542206,0
28.799999356,89646.72573957653,43138.83323559571,1.135725003812234,0
28.849999355,89646.85307102608,43139.114086496294,1.1864908465397466,0
28.999999351,89647.14235813367,43139.985599872394,1.302440755591409,0
29.04999935,89647.22167098572,43140.28046214674,1.3499865514263651,0
29.099999349,89647.29262241545,43140.579451439,1.3975323472613215,0
29.199999347,89647.3677108629,43141.194664938346,1.4920160466035555,0
29.249999346,89647.38547832302,43141.50467874942,1.5327058488421557,0
29.299999345,89647.38839861544,43141.81415967502,1.5712524185647567,0
29.349999343,89647.38901729019,43142.127123242215,1.6054552496627006,0
29.399999342,89647.36849031413,43142.44342098016,1.6413832714109466,0
29.49999934,89647.30271722328,43143.071348194375,1.7085931342541145,0
29.549999339,89647.25643748612,43143.38286547287,1.740030920858098,0
29.599999338,89647.20369719344,43143.69847804255,1.7701605424663427,0
29.649999337,89647.12873541813,43144.00857606615,1.7981448584250308,0
29.749999335,89646.97614073749,43144.63503705004,1.851748202871086,0
29.799999333,89646.88423322032,43144.946086224794,1.8777880644804568,0
29.94999933,89646.55414239458,43145.86999818013,1.949019558601633,0
29.999999329,89646.42976293617,43146.17249187474,1.9725169583503777,0
30.049999328,89646.29989858465,43146.47497797258,1.9960143580991205,0
30.099999327,89646.14857780022,43146.77489225732,2.0171175096375453,0
30.199999324,89645.85389019515,43147.37392893635,2.0552336586120026,0
30.249999323,89645.70399313778,43147.670135403336,2.072663634403517,0
30.299999322,89645.53033029467,43147.96170124677,2.088218374299747,0
30.349999321,89645.36671001928,43148.25895578566,2.101590353709716,0
30.39999932,89645.1886086313,43148.548281585805,2.115586512239316,0
30.499999318,89644.83185598136,43149.123450077976,2.137888226871175,0
30.549999317,89644.65187456523,43149.4121752816,2.1467769177695537,0
30.599999316,89644.45995150026,43149.69869177477,2.153670303864765,0
30.699999313,89644.0847481265,43150.27252464708,2.1646303272847134,0
30.749999312,89643.88441992344,43150.55450570618,2.1677304351195987,0
30.799999311,89643.69949569769,43150.83754490795,2.170454025814668,0
30.949999308,89643.10975934955,43151.68636878031,2.175089817791595,0
30.999999307,89642.9155123353,43151.97226357832,2.1760090166462835,0
31.049999305,89642.71858329517,43152.25247712226,2.1768937343008554,0
31.099999304,89642.52510106422,43152.53879280617,2.177468121276149,0
31.199999302,89642.13429860139,43153.10512267733,2.1782359149452755,0
31.249999301,89641.92609436794,43153.38239242294,2.178251422214909,0
31.349999299,89641.5393013608,43153.951659157174,2.178097678446853,0
31.399999298,89641.34524740766,43154.23778761177,2.177950990819116,0
31.449999297,89641.1499986014,43154.52302267733,2.1778461757695577,0
31.499999295,89640.94160255404,43154.80059833358,2.177972739741666,0
31.599999293,89640.5547145173,43155.36959882558,2.179271400477005,0
31.649999292,89640.3595568397,43155.65109767186,2.1805327221799486,0
31.699999291,89640.164034487,43155.93221270349,2.1823504249246324,0
31.74999929,89639.96885683968,43156.213697671854,2.184151603622175,0
31.849999288,89639.56509295935,43156.768473394564,2.187497786319214,0
31.999999284,89638.97147820849,43157.60433579183,2.191096896530239,0
32.049999283,89638.77998817647,43157.88437085853,2.1918596748918495,0
32.099999282,89638.58476032698,43158.1619216552,2.1926224532534597,0
32.19999928,89638.1861090996,43158.71658559296,2.193878603622554,0
32.249999279,89637.97918326725,43158.990966297155,2.1947082568655936,0
32.299999278,89637.78763694887,43159.27103477012,2.19576110994882,0
32.349999276,89637.57910517452,43159.54057581343,2.1972474200836,0
32.399999275,89637.37761933303,43159.81899270419,2.1992294607498617,0
32.499999273,89636.97887167403,43160.37378452922,2.2040958805396493,0
32.549999272,89636.77452741629,43160.64646661203,2.2071471111177527,0
32.599999271,89636.57303253688,43160.92470236955,2.210663823164336,0
32.64999927,89636.3681954914,43161.19659424852,2.2140180671300933,0
32.749999267,89635.95078961347,43161.74483934351,2.2222703581026413,0
32.799999266,89635.75101645643,43162.02128419804,2.2264929843464323,0
32.899999264,89635.32383493356,43162.55605347655,2.2340843888634354,0
32.999999262,89634.9019980466,43163.09912456681,2.2414004758062975,0
33.049999261,89634.69111889058,43163.36871923692,2.244985567413943,0
33.09999926,89634.4690490478,43163.635554513814,2.247484021481951,0
33.199999257,89634.03934757134,43164.17047219129,2.2534258634360276,0
33.249999256,89633.83080330062,43164.4379823673,2.255650287149585,0
33.349999254,89633.38924725169,43164.96604513108,2.2565573579340468,0
33.399999253,89633.17070350211,43165.23197379581,2.2559350803853024,0
33.449999252,89632.95200350211,43165.4977737958,2.2553527730289336,0
33.499999251,89632.74439724899,43165.76591872093,2.254390876949926,0
33.599999248,89632.30486721656,43166.29958813504,2.2494161719717254,0
33.649999247,89632.08480021173,43166.563788764004,2.2467387360569804,0
33.699999246,89631.87845142678,43166.83746639944,2.244146716250866,0
33.749999245,89631.65648568809,43167.104484217394,2.2410783235847207,0
33.799999244,89631.44913935366,43167.37653525645,2.2383023494044467,0
33.99999924,89630.59762911774,43168.45852724365,2.2307763286028206,0
34.049999238,89630.38793718888,43168.733121785146,2.2299562648147,0
34.099999237,89630.17724236829,43169.00660292463,2.229136201010178,0
34.199999235,89629.76148201292,43169.54849035887,2.230580285920411,0
34.249999234,89629.55220594456,43169.82297483565,2.2323218543394363,0
34.299999233,89629.34110996537,43170.0966779369,2.236342625633437,0
34.349999232,89629.11693025393,43170.36159560834,2.240363396927438,0
34.399999231,89628.91041806378,43170.63465311679,2.2453474143844345,0
34.499999228,89628.47663055744,43171.17065838055,2.259234336454082,0
34.549999227,89628.25631015614,43171.43481455467,2.2681545771088514,0
34.599999226,89628.03802266321,43171.70107178218,2.2773448972236934,0
34.649999225,89627.81731002085,43171.96106833966,2.288646465796851,0
34.699999224,89627.5875124789,43172.21986095152,2.3000930476525956,0
34.749999223,89627.35952458388,43172.47665065032,2.3112126775664015,0
34.799999222,89627.1206534708,43172.72644696164,2.3214185335600592,0
34.949999218,89626.40481024212,43173.47966201421,2.342381581933077,0
34.999999217,89626.17222213863,43173.727406793354,2.3414820978186746,0
35.099999215,89625.68480233647,43174.22048490195,2.335946380039576,0
35.149999214,89625.44270233647,43174.46668490195,2.3281928566301158,0
35.249999212,89624.97982213,43174.975933395195,2.3046092413511072,0
35.29999921,89624.74529096436,43175.22999699512,2.2885571906894073,0
35.399999208,89624.29842663866,43175.754886596034,2.2545501669255406,0
35.449999207,89624.0846584724,43176.02493673693,2.2371946431989786,0
35.499999206,89623.87880286618,43176.298584956276,2.2191141221365953,0
35.649999203,89623.27347006154,43177.1392374191,2.1675047781638206,0
35.699999202,89623.07967966577,43177.42520970931,2.1497386068849202,0
35.7499992,89622.88446870614,43177.71067066702,2.13118096700007,0
35.799999199,89622.70343572975,43178.00781992712,2.111022846196867,0
35.949999196,89622.20488024017,43178.91219350545,2.0421476351961965,0
35.999999195,89622.05326229463,43179.21945491105,2.0134367228142884,0
36.099999193,89621.77695779187,43179.850825967886,1.9522774198497312,0
36.149999191,89621.64963213458,43180.16960452043,1.9173081543181865,0
36.19999919,89621.5305757525,43180.49230893179,1.8820758752891424,0
36.249999189,89621.4322100343,43180.820498155925,1.8404949092384888,0
36.299999188,89621.34982182518,43181.14840940077,1.787911306500579,0
36.399999186,89621.21952446733,43181.816756889,1.6557468397528012,0
36.449999185,89621.20407986209,43182.15674944781,1.5805783869770478,0
36.499999184,89621.20639659686,43182.49021345162,1.5060623636334065,0
36.549999183,89621.23268499623,43182.82242642386,1.420964083509212,0
36.599999181,89621.29619839207,43183.148681348524,1.351611626197517,0
36.64999918,89621.37755429705,43183.470072703916,1.2859987998231215,0
36.749999178,89621.58893818852,43184.08681537273,1.1673008337065809,0
36.799999177,89621.71941872362,43184.38275008696,1.1021140437405144,0
36.899999175,89622.04798484547,43184.94222660376,0.9608052826386277,0
36.999999172,89622.44769935397,43185.44412486482,0.8292281350535793,0
37.049999171,89622.65739529302,43185.68481006217,0.7641077626092554,0
37.09999917,89622.90101342255,43185.90006940406,0.6993842127931532,0
37.199999168,89623.41797710051,43186.28189121243,0.5737263185371202,0
37.249999167,89623.680226154,43186.45984426816,0.5230090342450543,0
37.299999166,89623.96496255088,43186.60654490983,0.47783366537048416,0
37.399999164,89624.53840388347,43186.87574075149,0.41060193801703876,0
37.449999162,89624.822054199,43186.99893601718,0.37823447234039137,0
37.499999161,89625.11364364155,43187.11889502095,0.3445271215265898,0
37.54999916,89625.41567201806,43187.214875772064,0.2976872430530647,0
37.599999159,89625.71572938863,43187.303595506375,0.2543225728322499,0
37.699999157,89626.3306747885,43187.44839259444,0.18265467636651053,0
37.749999156,89626.64546352402,43187.500027413254,0.14825343857916426,0
37.799999155,89626.95928320014,43187.54895992225,0.11339200953813353,0
37.949999151,89627.91581920056,43187.61340457343,-0.0005527477736118024,0
37.99999915,89628.23642485609,43187.61155053527,-0.0413172216661825,0
38.049999149,89628.55672490298,43187.59135141507,-0.08208169555875319,0
38.149999147,89629.20380245885,43187.514934631414,-0.15662102897402627,0
38.199999146,89629.52284526333,43187.45805249024,-0.1945487454049071,0
38.249999145,89629.841813838,43187.391131943295,-0.2427903529261022,0
38.299999143,89630.16029225841,43187.31087570952,-0.28317354112363124,0
38.399999141,89630.77926338032,43187.10594397721,-0.36091634022956065,0
38.44999914,89631.08810580477,43186.982086701006,-0.3969631905950192,0
38.499999139,89631.39011105194,43186.8532578239,-0.43271410041785224,0
38.549999138,89631.69132109883,43186.712562259694,-0.4669320794684996,0
38.599999137,89631.98388104084,43186.55811764219,-0.4970181476493475,0
38.649999136,89632.27680133922,43186.394258983986,-0.5309325722158604,0
38.699999134,89632.56192741552,43186.22317856005,-0.5623163902870175,0
38.799999132,89633.11622792785,43185.85009247227,-0.6184089485294344,0
38.849999131,89633.38473073147,43185.651500457105,-0.6431610052423231,0
38.949999129,89633.90813605422,43185.23852437188,-0.6817068256272198,0
38.999999128,89634.17390265618,43185.03160982375,-0.6956739912221875,0
39.099999126,89634.67074207819,43184.580858236746,-0.7151586088474281,0
39.149999124,89634.93244087024,43184.36697230499,-0.7179786785890319,0
39.249999122,89635.43600770833,43183.91671966131,-0.7069623416847352,0
39.299999121,89635.69688885946,43183.697291940654,-0.692605583056785,0
39.399999119,89636.22572442109,43183.270158817424,-0.6545036313711836,0
39.449999118,89636.49240666932,43183.06045640834,-0.6322557206047613,0
39.499999117,89636.76113524377,43182.8613658584,-0.6083404458295117,0
39.599999114,89637.33352124074,43182.492460196874,-0.539777307516809,0
39.699999112,89637.92151992916,43182.16084172421,-0.45608141169870275,0
39.749999111,89638.22324289805,43182.01764411205,-0.41794614851821554,0
39.849999109,89638.8575051587,43181.76417798388,-0.340234710509794,0
39.999999105,89639.82772660436,43181.47764882806,-0.21289992139183506,0
40.049999104,89640.16787605165,43181.420402313786,-0.1754362238717717,0
40.149999102,89640.83518967975,43181.320807003685,-0.10373773111723794,0
40.2499991,89641.5092267287,43181.27150825332,-0.04111598771530453,0
40.299999099,89641.84546272515,43181.25822711989,-0.008034744637470444,0
40.399999096,89642.52568065692,43181.27287143914,0.05653942473620664,0
40.499999094,89643.19662827866,43181.33377287475,0.11499397573090826,0
40.549999093,89643.53176606593,43181.38147731123,0.14811147998595167,0
40.599999092,89643.8668320533,43181.43383851602,0.18416460540540552,0
40.69999909,89644.52849309501,43181.57357437597,0.2361633042031273,0
40.749999089,89644.85443292404,43181.661607440925,0.2634493442364801,0
40.799999088,89645.1811899276,43181.7534758768,0.2888811624423511,0
40.999999083,89646.47156852805,43182.1883413298,0.3595560195111941,0
41.099999081,89647.1172445141,43182.438133020645,0.3885521861917153,0
41.14999908,89647.42785573084,43182.57174193185,0.4011237680661069,0
41.199999079,89647.74802792625,43182.70465121143,0.4134812942173117,0
41.299999076,89648.36972426718,43182.989662045526,0.4377068352907558,0
41.349999075,89648.68119202113,43183.13642271057,0.4511869004108274,0
41.399999074,89648.99276161057,43183.287334855035,0.4611851914988593,0
41.449999073,89649.30397692024,43183.44219603919,0.47097474474761436,0
41.499999072,89649.60643156641,43183.60268810095,0.47996674587997223,0
41.59999907,89650.22354497021,43183.91926191694,0.4917099178261219,0
41.649999069,89650.52594659278,43184.088121173736,0.49408159406356816,0
41.699999067,89650.83037902747,43184.2523466286,0.4926366986440511,0
41.799999065,89651.4320441965,43184.58022562595,0.4830749384333422,0
41.849999064,89651.74726033423,43184.73543189471,0.4734537008285596,0
41.949999062,89652.35785773036,43185.045661968405,0.44849683783032385,0
42.04999906,89652.98487836935,43185.341899558814,0.4122340212050347,0
42.099999058,89653.30865142398,43185.47512592802,0.3927881082473381,0
42.149999057,89653.62220674558,43185.605782937084,0.37365601019420197,0
42.199999056,89653.95298462608,43185.72789700701,0.35302407028903954,0
42.299999054,89654.60444388854,43185.95809226727,0.3106236029882771,0
42.349999053,89654.93414261418,43186.06256433535,0.2882434421988716,0
42.399999052,89655.27203195516,43186.15738340732,0.2654960805115006,0
42.449999051,89655.60955795679,43186.245391202014,0.24138896355432118,0
42.49999905,89655.94708493655,43186.32605136729,0.20906021423098947,0
42.599999047,89656.63039888012,43186.45141871402,0.136103486535194,0
42.649999046,89656.97580254056,43186.491037522734,0.09782042463753016,0
42.699999045,89657.32095341271,43186.5211149644,0.061400498593786434,0
42.749999044,89657.67310702034,43186.53969089969,0.018540844108224583,0
42.849999042,89658.36939995794,43186.527547895304,-0.07487670402922532,0
42.949999039,89659.05525151458,43186.43946825505,-0.20559441204123846,0
42.999999038,89659.38891859545,43186.36524215079,-0.2843644792382414,0
43.099999036,89660.03647479124,43186.14287404623,-0.44286678496937193,0
43.149999035,89660.33201743737,43185.985753864705,-0.5224814911870942,0
43.199999034,89660.62963082778,43185.815310456324,-0.5973271742567761,0
43.249999033,89660.9000355392,43185.619929868866,-0.6823842281442306,0
43.299999032,89661.15308723577,43185.40214976079,-0.7640801977617919,0
43.399999029,89661.60250986952,43184.918367009166,-0.9126253122811987,0
43.449999028,89661.79883006286,43184.65139799448,-0.974373764766432,0
43.499999027,89661.97181895042,43184.37851344656,-1.0396577755137928,0
43.549999026,89662.14292587557,43184.09904261976,-1.1028777354589254,0
43.599999025,89662.28093782644,43183.80323089404,-1.1688889156721198,0
43.699999023,89662.50180443615,43183.20361540209,-1.317794282461692,0
43.749999022,89662.57642796636,43182.89188688977,-1.4041823649142686,0
43.79999902,89662.62761045697,43182.57467239186,-1.4839208914728355,0
43.949999017,89662.61866833679,43181.61127710751,-1.6906213617870651,0
43.999999016,89662.58207876851,43181.2952188977,-1.7484284771141836,0
44.049999015,89662.51672407924,43180.980988356714,-1.80623559244131,0
44.149999013,89662.34934682463,43180.3731667875,-1.8893660121374607,0
44.199999012,89662.24310246258,43180.07615598556,-1.922656570291681,0
44.24999901,89662.13427144002,43179.78155550632,-1.9552993717665486,0
44.299999009,89662.01853594344,43179.490457052154,-2.0015281764620303,0
44.399999007,89661.74168560459,43178.924529045995,-2.0868677618951876,0
44.449999006,89661.58171610351,43178.64917403437,-2.126793888105356,0
44.499999005,89661.4066570249,43178.3778024644,-2.1674400728810927,0
44.549999004,89661.22696530496,43178.11296926021,-2.2088493142096097,0
44.599999003,89661.0280495247,43177.859264358114,-2.2478564890792945,0
44.699999,89660.61718843639,43177.360475820795,-2.3284631989097395,0
44.749998999,89660.38807318514,43177.12740064381,-2.3687672463676113,0
44.799998998,89660.14433068695,43176.90187382029,-2.406869191016861,0
44.949998995,89659.3828276298,43176.278887573026,-2.5312613781777733,0
44.999998994,89659.10949408167,43176.09771305972,-2.5698426539265147,0
45.099998991,89658.53569056228,43175.75544306281,-2.645121867478004,0
45.14999899,89658.24262068661,43175.597993831696,-2.679098479907542,0
45.199998989,89657.94933333875,43175.45298298477,-2.7111609106420334,0
45.249998988,89657.63989258416,43175.31816164941,-2.7466481361787904,0
45.299998987,89657.33197890119,43175.1928622597,-2.773144176451893,0
45.399998985,89656.70098751216,43174.969929059,-2.817390062134759,0
45.449998984,89656.3874188635,43174.86314595507,-2.836611402162078,0
45.549998981,89655.74423992883,43174.667480033626,-2.85577523981646,0
45.59999898,89655.42232270948,43174.579622184065,-2.861618646086477,0
45.649998979,89655.0937699746,43174.48674120844,-2.863089172825003,0
45.699998977999996,89654.7731179885,43174.39873682626,-2.8603299329620553,0
45.749998977,89654.44528940579,43174.303722813296,-2.85573648963505,0
45.849998975,89653.80589864755,43174.107686826406,-2.8437328080941144,0
45.949998972,89653.15771846613,43173.91232184303,-2.8266336273343184,0
46.04999897,89652.51839011276,43173.69624511349,-2.801562470129615,0
46.099998969,89652.20035711092,43173.57698635027,-2.7886158058614066,0
46.149998968,89651.87995927203,43173.46406268996,-2.7740247989708857,0
46.199998967,89651.56138283119,43173.33770109472,-2.758705291271055,0
46.299998965,89650.93901076031,43173.07663934464,-2.7238412186677796,0
46.349998963,89650.62789051325,43172.94145862286,-2.7041409209542784,0
46.399998962,89650.31753731592,43172.795523205634,-2.6822572317573967,0
46.449998961,89650.01637890935,43172.639994548925,-2.6551648170011037,0
46.49999896,89649.71391427367,43172.47912240664,-2.6258913548810137,0
46.599998958,89649.13583534886,43172.12869571232,-2.5643487737063775,0
46.649998957,89648.85071993755,43171.93861383789,-2.5316344163161073,0
46.699998956,89648.57267875927,43171.74626019687,-2.4988063847544586,0
46.749998955,89648.29708187838,43171.53542996486,-2.4565373529065715,0
46.799998953,89648.03700560865,43171.32069921578,-2.412388093591708,0
46.94999895,89647.32087690421,43170.59674598291,-2.2614174828522855,0
46.999998949,89647.1002768965,43170.33731961174,-2.2014851155612902,0
47.099998947,89646.7187988995,43169.77101202992,-2.071572598020554,0
47.149998946,89646.56367564545,43169.46692038844,-1.9952794655881205,0
47.199998944,89646.42039158811,43169.15513006975,-1.9224561896288375,0
47.299998942,89646.2223033214,43168.49923483013,-1.7593322832447533,0
47.349998941,89646.16719005881,43168.160878568895,-1.6863254872159876,0
47.39999894,89646.13040431587,43167.81751654254,-1.6165103195499015,0
47.499998938,89646.1343463286,43167.13067048443,-1.4800240493363026,0
47.549998937,89646.18217965894,43166.79122936571,-1.4266957799993043,0
47.599998936,89646.23276368888,43166.45269772444,-1.3783347607596435,0
47.649998934,89646.31293303086,43166.11906332895,-1.3159618344408284,0
47.749998932,89646.51516040563,43165.470469265514,-1.1900941079730276,0
47.799998931,89646.63005353577,43165.148155750045,-1.1262690468092578,0
47.84999893,89646.79420743871,43164.84500608923,-1.0638376619955097,0
47.999998927,89647.35378208556,43163.97817958285,-0.8926325719051469,0
48.049998925,89647.5806064857,43163.71565765031,-0.839324667386695,0
48.099998924,89647.81876763621,43163.46360844278,-0.786016761802081,0
48.199998922,89648.32099886445,43162.99250884241,-0.7017976756077317,0
48.249998921,89648.58584710128,43162.77350675772,-0.6603105444335524,0
48.29999892,89648.86831940671,43162.56973666827,-0.618079628602501,0
48.349998919,89649.14635720557,43162.37221474546,-0.5703457179822988,0
48.399998918,89649.4324194446,43162.183888216074,-0.5229065275635074,0
48.499998915,89650.04917555086,43161.86523264593,-0.4377544660809521,0
48.549998914,89650.36656112078,43161.721771579694,-0.39928928820534015,0
48.599998913,89650.68225269963,43161.58830104119,-0.3620378552013878,0
48.649998912,89651.01644766514,43161.47805373601,-0.32613840196579946,0
48.699998911,89651.34643263744,43161.36559583068,-0.2926870104881161,0
48.799998909,89652.01665016582,43161.190442329746,-0.23049482906356486,0
48.849998908,89652.35352089815,43161.107589339306,-0.19966690710795615,0
48.949998905,89653.03696319262,43160.98825399157,-0.1391870550973858,0
48.999998904,89653.37383371101,43160.938697021964,-0.10811893557247054,0
49.099998902,89654.06353470306,43160.88668788493,-0.04490573677628816,0
49.149998901000004,89654.40790020084,43160.86914962286,-0.01507819714259921,0
49.1999989,89654.75213307232,43160.873101024255,0.012542638815249883,0
49.299998898,89655.44733307233,43160.89249897576,0.06944864553494952,0
49.349998896,89655.79077851056,43160.9209985422,0.10102632795891046,0
49.399998895,89656.13417819297,43160.95425585366,0.13141152399726858,0
49.499998893,89656.81183970711,43161.06488535546,0.1906875692080157,0
49.549998892,89657.14670792146,43161.13071888626,0.22028497440736997,0
49.64999889,89657.81464157172,43161.30124117305,0.2822639064196086,0
49.699998889,89658.14967015779,43161.39528297287,0.31429339301242726,0
49.799998886,89658.79179964008,43161.62965348085,0.38581079820164255,0
49.849998885,89659.1092345362,43161.76225861247,0.42867093165961484,0
49.999998882,89660.0166551141,43162.24297229445,0.5441149534343771,0
50.09999888,89660.60396730836,43162.609193166325,0.6151580385086721,0
50.149998879,89660.8787756961,43162.81038454573,0.6506676311863092,0
50.249998876,89661.41519083628,43163.24249967655,0.7190445061658034,0
50.299998875,89661.66698001312,43163.46919938324,0.7513728209760706,0
50.349998874,89661.92053578325,43163.70427306944,0.7825056006279726,0
50.399998873,89662.15378201214,43163.952103759904,0.8107919247726951,0
50.499998871,89662.62166532647,43164.46043735662,0.8642112325254744,0
50.54999887,89662.84347541613,43164.72275065032,0.8878806324323009,0
50.599998869,89663.05576268552,43164.9936193184,0.9081557521550745,0
50.649998867,89663.26341237767,43165.261911067115,0.9263692585472423,0
50.699998866,89663.47152641704,43165.53784987067,0.9407509145192956,0
50.799998864,89663.87089744596,43166.10139833358,0.960413462911388,0
50.849998863,89664.06227872148,43166.385472986956,0.9629009315966776,0
50.949998861,89664.464795914,43166.94502720418,0.9502619671654643,0
50.99999886,89664.65604316033,43167.22929767185,0.9370453835432546,0
51.099998857,89665.06904564587,43167.77501235637,0.8967829543632961,0
51.199998855,89665.51693690207,43168.30215818901,0.8403047138312321,0
51.249998854,89665.74970777403,43168.55462222581,0.8089250913024799,0
51.299998853,89665.97923424929,43168.80221169094,0.7760811048748703,0
51.399998851,89666.48656784778,43169.26003730632,0.6928923603106741,0
51.44999885,89666.75294899543,43169.468700196354,0.6483743480386698,0
51.549998847,89667.29739227235,43169.85433167242,0.548091239878791,0
51.599998846,89667.58622066637,43170.02265046828,0.4881073206278654,0
51.649998845,89667.88226099899,43170.17486224129,0.4232857119077593,0
51.699998844,89668.19571631037,43170.30313019479,0.3635891515271215,0
51.749998843,89668.51367166302,43170.41940329769,0.307817338019771,0
51.849998841,89669.16558499141,43170.581694689914,0.18352806512923048,0
51.949998838,89669.82722664675,43170.676658477045,0.0637804125070955,0
52.049998836,89670.50192867783,43170.68543706421,-0.05278950948277422,0
52.149998834,89671.16533301372,43170.61528488277,-0.1605531843033357,0
52.249998832,89671.82527901589,43170.47215131683,-0.2741791496043247,0
52.299998831,89672.14193109523,43170.370271157684,-0.3330320097400351,0
52.399998828,89672.76568670083,43170.12073253877,-0.4377311964227028,0
52.449998827,89673.07324496348,43169.96760606821,-0.48971250888530043,0
52.499998826,89673.36392660438,43169.802812416834,-0.5440764959673589,0
52.599998824,89673.9194094132,43169.4181424603,-0.636299152171968,0
52.649998823,89674.19797298695,43169.218821278526,-0.6796427907625278,0
52.699998822,89674.45361540868,43168.99451893943,-0.7168780899050299,0
52.74999882,89674.7061052622,43168.76944821445,-0.7497557477080108,0
52.799998819,89674.94895146214,43168.53085835191,-0.7833226221977888,0
52.949998816,89675.64178974039,43167.77448984106,-0.8674486915909103,0
52.999998815,89675.86556763621,43167.51050844278,-0.8912148379925602,0
53.049998814,89676.06791840057,43167.237914246776,-0.91498098439421,0
53.149998812,89676.47392991203,43166.68474335498,-0.962073781906115,0
53.19999881,89676.67684461358,43166.407280907355,-0.9832552899928868,0
53.249998809,89676.85381847945,43166.114803526194,-1.007047270947944,0
53.299998808,89677.03991122254,43165.824884035675,-1.0284830851266267,0
53.399998806,89677.39248207274,43165.22660229479,-1.071098779466008,0
53.499998804,89677.70928387389,43164.61478716411,-1.1128769148906779,0
53.549998803,89677.8470186187,43164.30055613573,-1.1320190616217598,0
53.599998801,89677.99553723868,43163.99221317789,-1.1509852072604687,0
53.699998799,89678.26999800201,43163.356198878384,-1.1957427953295732,0
53.749998798,89678.38336737719,43163.03102990667,-1.2172523059163078,0
53.799998797,89678.50835861247,43162.710765463795,-1.2373102781650631,0
53.899998795,89678.70973993582,43162.052213961215,-1.2817294544549456,0
53.999998793,89678.89984894128,43161.39086715059,-1.3329238335194205,0
54.049998791,89678.97812234305,43161.052656572516,-1.359059664789833,0
54.09999879,89679.05103674016,43160.715367970704,-1.385729285611372,0
54.149998789,89679.10214750808,43160.376984596565,-1.4160518626562952,0
54.199998788,89679.16411989245,43160.03698701693,-1.4453533141935508,0
54.299998786,89679.21898685521,43159.35057209447,-1.5047139295784067,0
54.349998785,89679.24992384545,43159.00675729695,-1.5357630722729219,0
54.399998784,89679.25388543039,43158.66216724575,-1.5672540267585457,0
54.449998782,89679.25597282707,43158.318168614176,-1.599334237191627,0
54.499998781,89679.2361289088,43157.97426857429,-1.6304102919671843,0
54.599998779,89679.18533428329,43157.287500843384,-1.6988898709000229,0
54.649998778,89679.13468564443,43156.944857845956,-1.7317170206542616,0
54.699998777,89679.06816341584,43156.60659093486,-1.7698542304424187,0
54.749998776,89678.99933881027,43156.271787141886,-1.802854546184812,0
54.849998774,89678.81854176371,43155.603565724705,-1.8760317345869277,0
54.949998771,89678.58345539393,43154.95846936679,-1.9492419094102529,0
55.049998769,89678.32125729522,43154.32642684781,-2.027933050569625,0
55.099998768,89678.16180995165,43154.01906460849,-2.0705932361385737,0
55.149998767,89677.99747279251,43153.7220070283,-2.115024384141713,0
55.199998766,89677.81492594564,43153.431249770074,-2.1555065035418144,0
55.299998763,89677.41564456928,43152.86761433292,-2.2365783082910515,0
55.349998762,89677.20456392867,43152.599606288895,-2.275461547933424,0
55.399998761,89676.97531015614,43152.342385445336,-2.3131874712890497,0
55.499998759,89676.49244191447,43151.85076961683,-2.382113364171416,0
55.549998758,89676.23498753669,43151.6161655355,-2.4138683448084968,0
55.649998756,89675.70824751891,43151.17111569212,-2.4713303314336326,0
55.699998755,89675.43850569832,43150.96132159914,-2.4991853657691947,0
55.749998753,89675.16107734873,43150.755267956316,-2.5259001532755416,0
55.849998751,89674.58950479582,43150.3732910325,-2.5780871625946076,0
55.999998748,89673.6966217678,43149.84634705388,-2.65337615195006,0
56.099998746,89673.08133928134,43149.537378789755,-2.703258725308982,0
56.149998744,89672.76498019804,43149.39648776261,-2.7281070894915818,0
56.249998742,89672.12794114913,43149.12850468615,-2.7754471272083623,0
56.299998741,89671.80461668503,43149.01081013829,-2.7968880679541357,0
56.34999874,89671.47478414113,43148.89427192775,-2.815522160295131,0
56.399998739,89671.14401227515,43148.79297103795,-2.8351391741307688,0
56.499998737,89670.48521928003,43148.593677572135,-2.869995421443776,0
56.549998736,89670.14804204322,43148.50450879799,-2.884508825517274,0
56.599998734,89669.81133483397,43148.41719836778,-2.8950781084640735,0
56.649998733,89669.47437451799,43148.33430729816,-2.9051666905388474,0
56.699998732,89669.13818222465,43148.25437445497,-2.9130219589028297,0
56.79999873,89668.4649115418,43148.103958490465,-2.9236817270768403,0
56.849998729,89668.12962198045,43148.02336121546,-2.926891188641475,0
56.949998727,89667.44838834627,43147.88512746459,-2.9287290273158635,0
56.999998725,89667.11320101416,43147.8072062058,-2.927728111295998,0
57.099998723,89666.44155937996,43147.65844220396,-2.9233274662158655,0
57.149998722,89666.10553283487,43147.584262112,-2.9193393281149493,0
57.199998721,89665.76958862893,43147.51046239518,-2.9129852371480633,0
57.299998719,89665.09826797071,43147.351063259855,-2.890258750747578,0
57.349998718,89664.7635836896,43147.259871370734,-2.8752599107296772,0
57.399998717,89664.42782889653,43147.173694595294,-2.860213569793518,0
57.449998715,89664.1016354223,43147.07276182917,-2.8445217734185704,0
57.499998714,89663.76679402156,43146.96776136882,-2.824904600717109,0
57.599998712,89663.11358631491,43146.743490896464,-2.7766241490431516,0
57.649998711,89662.79473885192,43146.62153930525,-2.741566788857385,0
57.69999871,89662.4785361129,43146.47849424045,-2.7075731899744797,0
57.749998709,89662.16804984321,43146.33687117932,-2.673312332676528,0
57.799998708,89661.85986489875,43146.17502330159,-2.6340860732785734,0
57.949998704,89660.99467875928,43145.62136019687,-2.508255377503563,0
57.999998703,89660.71612701306,43145.42202127852,-2.46440207377442,0
58.099998701,89660.18999989498,43144.975735482556,-2.3757829631584064,0
58.1499987,89659.95093451151,43144.72846017747,-2.3337675593194445,0
58.199998699,89659.71602642612,43144.474889774836,-2.2964643690848714,0
58.249998698,89659.49875278512,43144.21205190952,-2.249223820379217,0
58.299998696,89659.2749695466,43143.94797622857,-2.2137059016768603,0
58.399998694,89658.89048329517,43143.376222877756,-2.1312329082603823,0
58.449998693,89658.70997296178,43143.08279429753,-2.092324059348766,0
58.499998692,89658.5373939296,43142.781295804474,-2.0571323408511764,0
58.59999869,89658.24678138128,43142.16015613574,-1.9794461255013425,0
58.649998689,89658.11294830438,43141.84033375827,-1.943442303764759,0
58.699998687,89657.98633171024,43141.51762057608,-1.9060043670738924,0
58.749998686,89657.88033129876,43141.18897807329,-1.8660715318497028,0
58.799998685,89657.79006470332,43140.85684348182,-1.8337524112598393,0
58.899998683,89657.6223735115,43140.189488775584,-1.766498446027085,0
58.999998681,89657.50730773344,43139.51001877274,-1.7113707444833937,0
59.04999868,89657.47258457422,43139.16820958733,-1.6852026889297378,0
59.099998679,89657.42547171334,43138.828238859984,-1.6638362535781868,0
59.149998677,89657.40593841058,43138.483278913205,-1.6397336231473296,0
59.199998676,89657.38854962285,43138.13889979918,-1.6163333452522841,0
59.299998674,89657.36924886018,43137.45096361473,-1.5823781806398138,0
59.349998673,89657.36119413278,43137.10326708417,-1.5719477136334408,0
59.399998672,89657.3671,43136.7595,-1.566894378640959,0
59.49999867,89657.3811536714,43136.07217048443,-1.564319073159209,0
59.549998668,89657.37492520138,43135.72450001076,-1.5676542710195334,0
59.599998667,89657.375,43135.3806,-1.5729085166722583,0
59.649998666,89657.37517560337,43135.03670001099,-1.579600538634655,0
59.699998665,89657.37492517986,43134.68920001077,-1.5888786328925,0
59.799998663,89657.35356885273,43133.997965397226,-1.61277726232692,0
59.849998662,89657.3455289088,43133.654068574295,-1.6256207144960344,0
59.94999866,89657.29484451261,43132.96320014694,-1.6543983175476855,0
59.999998658,89657.27124885519,43132.61980667538,-1.672822247513073,0
60.099998656,89657.189219983,43131.937088129205,-1.7158633561564605,0
60.149998655,89657.13659368607,43131.593894651734,-1.7425252232471558,0
60.199998654,89657.06209393784,43131.25600287662,-1.7663370125800888,0
60.249998653,89656.99949957906,43130.92005728038,-1.7912726709643512,0
60.299998652,89656.92315116519,43130.58543212025,-1.814688529813927,0
60.399998649,89656.73960782241,43129.920179900655,-1.8440563193944988,0
60.449998648,89656.6402290978,43129.58958884201,-1.8484665983545392,0
60.549998646,89656.45291856797,43128.925563588884,-1.8314939041121436,0
60.599998645,89656.37233924554,43128.59189764388,-1.822940429581843,0
60.649998644,89656.28699459531,43128.25592889653,-1.815700000562852,0
60.699998643,89656.20135339245,43127.919988281144,-1.8140196240200515,0
60.749998642,89656.11452085763,43127.58810240486,-1.815832639035121,0
60.849998639,89655.95075234356,43126.91994257325,-1.839672482300436,0
60.949998637,89655.75129589082,43126.267333822776,-1.908747870794979,0
61.049998635,89655.51897067929,43125.63879554185,-1.9964482886299209,0
61.099998634,89655.37289382465,43125.33972156566,-2.0382708896306787,0
61.149998633,89655.21159923576,43125.048611587205,-2.0752066070056983,0
61.199998632,89655.04958366345,43124.758868716584,-2.110740136814646,0
61.299998629,89654.70030386507,43124.199858416454,-2.1979108998399712,0
61.349998628,89654.4879961141,43123.94179571499,-2.2603096801243217,0
61.399998627,89654.27842891493,43123.68499398681,-2.3120505175715427,0
61.449998626,89654.0471950383,43123.445099772114,-2.3682906921973177,0
61.549998624,89653.54183088747,43123.00490845214,-2.4710549258650905,0
61.599998623,89653.27671802737,43122.798405398506,-2.51846551068222,0
61.69999862,89652.71320240608,43122.43372473925,-2.6041258670751293,0
61.749998619,89652.41849056227,43122.26704306282,-2.645668988790364,0
61.799998618000004,89652.12535353265,43122.10991213889,-2.685934178361775,0
61.949998615,89651.181351847,43121.717582429694,-2.8043848142578622,0
61.999998614,89650.85727246213,43121.609647525154,-2.835734765858836,0
62.099998611,89650.20410468592,43121.42182658537,-2.8979880021294715,0
62.14999861,89649.86438321725,43121.35257958815,-2.9279073963804754,0
62.199998609,89649.53621015976,43121.275411849674,-2.9516517692729485,0
62.249998608,89649.1980925072,43121.21949873393,-2.9772817074042974,0
62.299998607,89648.852867637,43121.16778311047,-2.999287503914312,0
62.399998605,89648.17978595269,43121.077331971974,-3.0357837572194963,0
62.449998604,89647.8352552583,43121.05148778419,-3.0532036271505074,0
62.499998603,89647.49106345052,43121.02330822814,-3.070976558001614,0
62.549998601,89647.14701584754,43120.99891905945,-3.088466036765652,0
62.649998599,89646.458857081,43120.97294076014,-3.123864864213891,0
62.699998598,89646.11507221479,43120.970272482366,-3.1415547608238814,0
62.749998597,89645.76320004203,43120.97674781123,-3.158876834707473,0
62.799998596,89645.4196158988,43120.983275260725,-3.1766403269993666,0
62.949998592,89644.38900049502,43121.04496060057,-3.231832744609192,0
62.999998591,89644.04557023634,43121.082166448396,-3.2494742399860512,0
63.04999859,89643.70214529526,43121.12011483892,-3.267068157358316,0
63.149998588,89643.0156460019,43121.21434849015,-3.3006217788399317,0
63.199998587,89642.68042504184,43121.26919043441,-3.3166285613906252,0
63.249998586,89642.33742120811,43121.3329312768,-3.331760374040772,0
63.299998585,89642.00215981026,43121.39881406318,-3.345206164675182,0
63.399998582,89641.3235377633,43121.545575744385,-3.3715270970440794,0
63.449998581,89640.98875134031,43121.62916523905,-3.384209665061831,0
63.49999858,89640.653500068,43121.71378956366,-3.3967664312432344,0
63.599998578,89639.99129847622,43121.89664630311,-3.428164455764166,0
63.649998577,89639.65667171082,43121.99860293831,-3.4479788621187275,0
63.699998576,89639.3296859967,43122.10404948183,-3.4693486686740282,0
63.799998573,89638.67706736257,43122.33770416932,-3.5187844656717093,0
63.849998572,89638.3592554859,43122.469533020645,-3.545656806731805,0
63.94999857,89637.73174730038,43122.755298958815,-3.599638211986882,0
64.049998568,89637.12133775072,43123.077835267846,-3.661494638757893,0
64.099998567,89636.81815236666,43123.24450486502,-3.6934068672749767,0
64.199998565,89636.24930739564,43123.623566411414,-3.760330150457147,0
64.249998563,89635.96400711684,43123.82497445587,-3.796877003791907,0
64.349998561,89635.43846847271,43124.26493239947,-3.857855342315739,0
64.39999856,89635.17576756407,43124.49115219685,-3.890451926810714,0
64.499998558,89634.67865433428,43124.975937022406,-3.9429619672500196,0
64.549998557,89634.44277827688,43125.228459547136,-3.965425086844694,0
64.599998556,89634.21413155511,43125.48803447763,-3.9842587772161036,0
64.699998553,89633.75941824337,43126.0089659424,-4.020574076597434,0
64.799998551,89633.32818540536,43126.54542171753,-4.042722591639029,0
64.84999855,89633.11974061982,43126.81311196989,-4.051507144610387,0
64.999998547,89632.48978961348,43127.63563934351,-4.0737650706192525,0
65.049998546,89632.29177008799,43127.91675664503,-4.079309894954174,0
65.149998543,89631.8790162536,43128.47630822406,-4.089950783968191,0
65.199998542,89631.68603694886,43128.75533477013,-4.094368815723599,0
65.29999854,89631.2773177367,43129.31623706909,-4.101988380144023,0
65.399998538,89630.89197725015,43129.886239527674,-4.109199054537149,0
65.449998537,89630.6955725211,43130.16670855437,-4.112411285497068,0
65.499998535,89630.50122608004,43130.45250443575,-4.115416042330889,0
65.599998533,89630.1108986014,43131.02322267733,-4.120287377441764,0
65.649998532,89629.91579581556,43131.3081207696,-4.122369238826467,0
65.74999853,89629.53395414096,43131.883477073396,-4.124789617641534,0
65.799998529,89629.3491647088,43132.17018541048,-4.125750179151567,0
65.949998525,89628.76838727159,43133.03179947383,-4.126241752027451,0
65.999998524,89628.58502323132,43133.32363831375,-4.125830382112385,0
66.099998522,89628.20208877747,43133.89781596433,-4.124859951977564,0
66.149998521,89628.00170106423,43134.179492806164,-4.124187604468779,0
66.19999852,89627.81918259765,43134.47194703931,-4.123381813219349,0
66.249998519,89627.61890106423,43134.75369280617,-4.122718301492839,0
66.349998516,89627.23717438783,43135.32885833983,-4.121987030546589,0
66.399998515,89627.05245291353,43135.61564343463,-4.122238866852139,0
66.449998514,89626.8530635298,43135.89799865669,-4.123105053308332,0
66.499998513,89626.65897069925,43136.18788826979,-4.1254632073042945,0
66.599998511,89626.27640761629,43136.76238077937,-4.132766781595427,0
66.64999851,89626.09138152059,43137.04919647382,-4.138084813456021,0
66.699998509,89625.90525431038,43137.33899359859,-4.143988282502279,0
66.749998508,89625.71891848925,43137.63307292994,-4.150391520504128,0
66.799998506,89625.54260848329,43137.92412061028,-4.1570899321483665,0
66.949998503,89624.99686824055,43138.807536090855,-4.1772057114709105,0
67.049998501,89624.64641792727,43139.40209770521,-4.186117204987292,0
67.0999985,89624.48032004651,43139.706152456456,-4.189539188556646,0
67.149998499,89624.3071574504,43140.00242639461,-4.192390591448033,0
67.199998497,89624.13646345855,43140.303820116445,-4.194094140263132,0
67.249998496,89623.96456345855,43140.604520116445,-4.195110062534094,0
67.299998495,89623.7917381623,43140.90077309036,-4.19584135852023,0
67.399998493,89623.44930898461,43141.50310324654,-4.196245757141366,0
67.449998492,89623.28926559513,43141.806280334655,-4.196455825022679,0
67.499998491,89623.11337359558,43142.10494011496,-4.196922503153139,0
67.599998489,89622.76903734988,43142.70589070744,-4.198162508003361,0
67.649998487,89622.61012614451,43143.009322456346,-4.19896500268432,0
67.749998485,89622.26016918513,43143.60361732377,-4.200669182610955,0
67.799998484,89622.10210908312,43143.907658650685,-4.201418247564725,0
67.899998482,89621.75385237727,43144.50697092504,-4.202218584990842,0
67.99999848,89621.41782811636,43145.108557066844,-4.201535691689048,0
68.049998478,89621.25853137937,43145.412025307836,-4.200696361885815,0
68.099998477,89621.08193110931,43145.710001620406,-4.199413210115091,0
68.149998476,89620.909815033,43146.01089242631,-4.197677095972233,0
68.199998475,89620.75063137936,43146.314425307835,-4.195249933801474,0
68.299998473,89620.40075884254,43146.90836929273,-4.189318211835719,0
68.349998472,89620.23029271996,43147.210293961725,-4.1854853301131625,0
68.399998471,89620.05727242884,43147.50623506329,-4.181457607071699,0
68.44999847,89619.88520070873,43147.803193543674,-4.177089018440793,0
68.499998468,89619.70138285888,43148.09723701427,-4.172516528477707,0
68.599998466,89619.34972758986,43148.691164078955,-4.162853223724068,0
68.649998465,89619.16889061127,43148.983611095646,-4.157821282488741,0
68.699998464,89618.9889332829,43149.27605326335,-4.152669627119135,0
68.749998463,89618.79739057149,43149.566619058634,-4.147342883448529,0
68.799998462,89618.62054308453,43149.857517886856,-4.141696680435591,0
68.949998458,89618.05373567498,43150.725781502835,-4.12084617296789,0
68.999998457,89617.85294740766,43151.00738761177,-4.112561514196778,0
69.049998456,89617.65776870614,43151.29287066701,-4.104276855425669,0
69.149998454,89617.26584362958,43151.85815788051,-4.0872992910475485,0
69.199998453,89617.05712086831,43152.1315205867,-4.080160514102997,0
69.249998452,89616.85538886611,43152.41398845017,-4.073429254532496,0
69.299998451,89616.6511686035,43152.690328764205,-4.070241475584637,0
69.349998449,89616.43488436096,43152.959858186136,-4.069125958379125,0
69.449998447,89616.02230645528,43153.51544751044,-4.071194036663741,0
69.499998446,89615.82144171062,43153.79070296331,-4.077658859665928,0
69.599998444,89615.41061487033,43154.351479380995,-4.096217646526188,0
69.649998443,89615.21859654062,43154.63511678133,-4.108262191864799,0
69.74999844,89614.82189581556,43155.20252076961,-4.138462692149505,0
69.799998439,89614.64026717404,43155.4957963327,-4.158143687189848,0
69.949998436,89614.11965884254,43156.38496929273,-4.22088832478539,0
70.049998434,89613.81068044729,43157.00056157029,-4.275575368893241,0
70.099998433,89613.6685837786,43157.312245016336,-4.302235856252658,0
70.19999843,89613.40721363506,43157.95065483976,-4.352457792836506,0
70.299998428,89613.1771163647,43158.59598035972,-4.405351223662414,0
70.349998427,89613.08643959438,43158.92393073449,-4.43239213718962,0
70.399998426,89612.9857600642,43159.25228603879,-4.459386499899031,0
70.499998424,89612.83109648677,43159.92099945064,-4.519199672711353,0
70.599998421,89612.71032602961,43160.59152907139,-4.591344351783631,0
70.64999842,89612.675197379,43160.93345087532,-4.630530902998553,0
70.699998419,89612.65563765218,43161.27440266193,-4.6694912281852865,0
70.799998417,89612.65030460888,43161.95503315365,-4.757720619096348,0
70.849998416,89612.66978672586,43162.295033350034,-4.800088033696637,0
70.999998413,89612.82298821585,43163.30330354123,-4.952454018888468,0
71.09999841,89613.01748200212,43163.95285049984,-5.067979238887047,0
71.199998408,89613.26956519192,43164.57285956152,-5.181287345796348,0
71.249998407,89613.43389249596,43164.870724755674,-5.24633474392716,0
71.349998405,89613.80389980986,43165.42625301322,-5.386611867181551,0
71.449998402,89614.25721644663,43165.922077798125,-5.532344648814756,0
71.499998401,89614.5056439862,43166.139439262864,-5.605921613190478,0
71.599998399,89615.03518646146,43166.524278866156,-5.736419249052537,0
71.649998398,89615.32994117854,43166.68060108412,-5.791530831146486,0
71.699998397,89615.61496947672,43166.83840005345,-5.843443298845667,0
71.799998395,89616.2147969621,43167.08403356495,-5.9625362458509,0
71.849998394,89616.52603285138,43167.177682865375,-6.03220086069129,0
71.99999839,89617.48320078959,43167.34146146169,-6.211466617453062,0
72.099998388,89618.13493289358,43167.35302026911,-6.319972474728596,0
72.149998387,89618.46282829867,43167.32989430171,-6.376534953734957,0
72.249998385,89619.10920024871,43167.23109519142,-6.488136224963896,0
72.349998382,89619.736703378,43167.06230664489,-6.580588546122137,0
72.399998381,89620.04655383845,43166.9632760164,-6.6298478111200545,0
72.44999838,89620.35562470472,43166.84638858344,-6.68226152580747,0
72.499998379,89620.65672114764,43166.71939890295,-6.723665944633825,0
72.599998377,89621.2389591787,43166.40437579261,-6.829654150584789,0
72.649998376,89621.51361436433,43166.22824814877,-6.873714256512649,0
72.699998375,89621.78951389973,43166.03999561463,-6.912791019675364,0
72.749998373,89622.05658317475,43165.83883260936,-6.9563087233062735,0
72.799998372,89622.30594099939,43165.62443695706,-6.997434872351493,0
72.949998369,89623.03833034179,43164.93238400682,-7.108917401586336,0
73.049998367,89623.47583335913,43164.42144945255,-7.174566249431088,0
73.099998366,89623.69023996565,43164.15570618091,-7.205818920410452,0
73.149998364,89623.89597137325,43163.88607689946,-7.233404167409216,0
73.199998363,89624.07916056983,43163.59979305318,-7.262202699075831,0
73.299998361,89624.45529536846,43163.02862256734,-7.310600649012049,0
73.34999836,89624.62949116825,43162.73610340781,-7.332215462483752,0
73.399998359,89624.79409469753,43162.435045915976,-7.3467220197604926,0
73.499998357,89625.11615153462,43161.830110954405,-7.371708432095649,0
73.549998356,89625.27953626907,43161.5252693039,-7.380639873275046,0
73.599998354,89625.43103770538,43161.21794508895,-7.387566249449311,0
73.649998353,89625.58749779337,43160.91317591165,-7.392892879677498,0
73.699998352,89625.72987790109,43160.60158463429,-7.396386856647011,0
73.79999835,89626.03362524969,43159.97988133883,-7.401326479947075,0
73.849998349,89626.19545687511,43159.67409275041,-7.403112596489196,0
73.949998347,89626.48763723868,43159.05091317788,-7.406007009577637,0
74.049998344,89626.7842248877,43158.42941111449,-7.409475427133454,0
74.099998343,89626.93233524152,43158.11678127737,-7.411335456623064,0
74.199998341,89627.22860266006,43157.49152310288,-7.415709777513889,0
74.24999834,89627.37732524969,43157.17898133883,-7.417893852113937,0
74.299998339,89627.52547043818,43156.866407808964,-7.420015295136088,0
74.349998338,89627.66117271729,43156.551890465424,-7.422523455871069,0
74.399998337,89627.81440266006,43156.24152310288,-7.424927465617682,0
74.499998334,89628.08953818785,43155.609694581086,-7.429639713936673,0
74.549998333,89628.24470316025,43155.30046599445,-7.4317457460074055,0
74.599998332,89628.37902635863,43154.980978057334,-7.433261944933942,0
74.649998331,89628.51935660077,43154.664547090586,-7.434473559409757,0
74.69999833,89628.66024476558,43154.34823067642,-7.435068540096123,0
74.799998328,89628.94144720801,43153.719387317506,-7.433617490660947,0
74.849998326,89629.08240744304,43153.40305855838,-7.431189440132811,0
74.949998324,89629.36476204554,43152.77477573283,-7.422137270935043,0
75.049998322,89629.65241689525,43152.145218284706,-7.40753737652134,0
75.099998321,89629.80670266005,43151.83532310288,-7.399609974363389,0
75.14999832,89629.96900685801,43151.52976867758,-7.391191085652271,0
75.249998318,89630.27364702216,43150.91273837174,-7.374991194386691,0
75.299998316,89630.42991599052,43150.60392266238,-7.367245479414589,0
75.349998315,89630.59921940662,43150.3020449289,-7.359887414747152,0
75.399998314,89630.76396307748,43149.997783766965,-7.353444866274712,0
75.499998312,89631.09334521841,43149.39312557214,-7.341840508007046,0
75.549998311,89631.26969612399,43149.09455678305,-7.336830326369651,0
75.59999831,89631.42931750277,43148.79125585111,-7.330910641741346,0
75.699998307,89631.78938837777,43148.19476423147,-7.318801394584785,0
75.749998306,89631.95820970793,43147.89585460022,-7.3119874292381475,0
75.799998305,89632.14270328208,43147.60187574325,-7.3053104094361485,0
75.949998302,89632.69602703823,43146.72749429753,-7.2818910605728675,0
75.999998301,89632.87052913207,43146.43082365823,-7.276512635113577,0
76.099998299,89633.26262695713,43145.8589425686,-7.266096447931495,0
76.149998297,89633.4458203672,43145.56676032942,-7.261399350025516,0
76.199998296,89633.64718997836,43145.285506580636,-7.25906654372809,0
76.299998294,89634.02556530299,43144.71246854463,-7.256432919021001,0
76.349998293,89634.22505259234,43144.430012388235,-7.256630984453939,0
76.399998292,89634.418909005,43144.13983044423,-7.257089796338316,0
76.449998291,89634.61552033425,43143.85579029069,-7.257887318076787,0
76.49999829,89634.81117391997,43143.570895564255,-7.259002106466978,0
76.599998287,89635.19377155462,43143.00042538114,-7.261392874776719,0
76.649998286,89635.38896633983,43142.71505331924,-7.262354449182473,0
76.699998285,89635.57111122254,43142.42248403566,-7.2625907242957854,0
76.749998284,89635.772103761,43142.14094745454,-7.261911808628847,0
76.799998283,89635.96601272843,43141.851100526175,-7.260595176513421,0
76.94999828,89636.54567391996,43140.99649556426,-7.247916314404636,0
76.999998278,89636.74042883415,43140.710859255436,-7.239217455552109,0
77.049998277,89636.9360768848,43140.42639759806,-7.230518596525607,0
77.149998275,89637.34878066697,43139.8723072958,-7.2092250261755355,0
77.199998274,89637.5518578193,43139.59479057187,-7.19798975415238,0
77.249998273,89637.76800485185,43139.32533349221,-7.184196326369886,0
77.299998272,89637.97916281114,43139.05187821486,-7.163784733167177,0
77.349998271,89638.2041964979,43138.791126204196,-7.141161515823686,0
77.449998268,89638.65593080448,43138.273585935975,-7.091296815840849,0
77.499998267,89638.89639693707,43138.02899430907,-7.059352829146172,0
77.549998266,89639.14331181298,43137.78732741571,-7.024647916310034,0
77.599998265,89639.40053235684,43137.560224849294,-6.981684395379401,0
77.699998263,89639.93617124953,43137.13309312326,-6.881808519094614,0
77.749998262,89640.21801822774,43136.94450229828,-6.823816920591064,0
77.799998261,89640.51510720408,43136.7688295077,-6.766886258511301,0
77.949998257,89641.45236781362,43136.37629826251,-6.557167599001612,0
78.049998255,89642.11235028102,43136.228965522954,-6.403582404123206,0
78.099998254,89642.4352497422,43136.18368045957,-6.323208130564212,0
78.149998253,89642.76664119237,43136.17487986269,-6.235092640071936,0
78.199998252,89643.09589989133,43136.19886226771,-6.152521393423967,0
78.24999825,89643.423004075,43136.24796567453,-6.069425650961125,0
78.299998249,89643.73240374433,43136.325942749085,-5.99259426140308,0
78.399998247,89644.33930596785,43136.55372104075,-5.851253638809304,0
78.449998246,89644.63032367932,43136.69469842572,-5.785677849928413,0
78.499998245,89644.90445106965,43136.85067553483,-5.715693837956448,0
78.599998243,89645.42749680398,43137.21407496352,-5.571516208160711,0
78.649998242,89645.65411463373,43137.434525179764,-5.499407829930384,0
78.69999824,89645.8805662262,43137.65453105776,-5.428861607497427,0
78.749998239,89646.08361430083,43137.90496358372,-5.359957505342428,0
78.799998238,89646.27640255798,43138.15619019835,-5.29357240396771,0
78.949998235,89646.7256328175,43138.98620789961,-5.129100953862166,0
78.999998234,89646.84506020552,43139.27418081307,-5.0903743130562615,0
79.099998231,89647.0531213307,43139.86023300976,-5.008831714796859,0
79.14999823,89647.14743146535,43140.155802360394,-4.9635118119405455,0
79.199998229,89647.20601853276,43140.46253548155,-4.911429489515997,0
79.249998228,89647.26953026163,43140.768926288554,-4.8669783379061045,0
79.299998227,89647.31106395504,43141.080311936406,-4.821326264027442,0
79.399998225,89647.34717645166,43141.71239185044,-4.736569650656511,0
79.449998224,89647.35658147563,43142.029280703144,-4.697753783147409,0
79.499998223,89647.3437,43142.3499,-4.664851927007141,0
79.59999822,89647.28557526968,43142.98590302666,-4.593832826892954,0
79.649998219,89647.24817744724,43143.30547369038,-4.562263314803122,0
79.699998218,89647.18883111652,43143.624256788484,-4.53201286855194,0
79.749998217,89647.12822254717,43143.94370505285,-4.498528523590461,0
79.849998215,89646.96120415605,43144.5728513359,-4.445733629039902,0
79.999998211,89646.65653134993,43145.51104599949,-4.369126969305975,0
80.04999821,89646.5467250343,43145.82377380723,-4.34348618295889,0
80.099998209,89646.42407113324,43146.133794252855,-4.317845396611798,0
80.199998207,89646.14093014001,43146.739862639166,-4.270295781268538,0
80.249998206,89646.00039399597,43147.04469210551,-4.249223461788833,0
80.349998204,89645.68462655146,43147.644565063776,-4.215169320600259,0
80.399998202,89645.5272155062,43147.94098377901,-4.198639477429758,0
80.4999982,89645.17297547907,43148.52502084089,-4.169891923036229,0
80.599998198,89644.81567456525,43149.103475281605,-4.148356709626672,0
80.649998197,89644.63730078889,43149.39709470792,-4.140368551871827,0
80.749998195,89644.2568916292,43149.967817814475,-4.125760812271962,0
80.799998193,89644.05648997538,43150.2499536016,-4.120136792767958,0
80.999998189,89643.28281474943,43151.390233734324,-4.110583578859643,0
81.099998187,89642.89214982025,43151.95675774213,-4.108085920713301,0
81.149998186,89642.69654215219,43152.24151545979,-4.107370889864762,0
81.249998183,89642.30635495583,43152.80832966247,-4.10658452717549,0
81.299998182,89642.1095568397,43153.08869767186,-4.106596571319227,0
81.39999818,89641.71989098135,43153.65958035505,-4.107217268632271,0
81.449998179,89641.51173811308,43153.93742400284,-4.107532040687751,0
81.549998177,89641.12648246718,43154.51141162801,-4.107921023154625,0
81.599998176,89640.93116352979,43154.7964986567,-4.107819529076753,0
81.699998173,89640.53910562315,43155.358162116936,-4.106923026146353,0
81.749998172,89640.34531474943,43155.644233734325,-4.105887468891485,0
81.84999817,89639.95294770726,43156.20555237591,-4.102029161386105,0
81.999998167,89639.36715011735,43157.045423563846,-4.096818863599922,0
82.099998164,89638.96744515536,43157.59941097684,-4.094152289111956,0
82.149998163,89638.77345011735,43157.88142356384,-4.093075435307865,0
82.249998161,89638.36972575386,43158.432050855525,-4.091565773675338,0
82.349998159,89637.97118480424,43158.98689415488,-4.089747022826051,0
82.449998157,89637.57287008798,43159.54175664503,-4.086952758960043,0
82.499998155,89637.38145208156,43159.82174543261,-4.0850402800775445,0
82.599998153,89636.97129295938,43160.36997339457,-4.079914107751873,0
82.649998152,89636.76798480423,43160.647094154876,-4.076845784527952,0
82.699998151,89636.56515538642,43160.92461909265,-4.073576012226688,0
82.74999815,89636.36051780435,43161.196785199754,-4.069969687408955,0
82.799998149,89636.15756392866,43161.47059371111,-4.065844358504925,0
82.949998145,89635.54046392867,43162.290893711106,-4.053121797811709,0
82.999998144,89635.32360396917,43162.55595078609,-4.049422786130757,0
83.049998143,89635.1134812118,43162.8260243456,-4.0457237744498045,0
83.099998142,89634.90372075712,43163.10058625995,-4.042107371677456,0
83.19999814,89634.47253935366,43163.63793525645,-4.035956051283231,0
83.249998139,89634.2602211658,43163.902896539825,-4.033471761664677,0
83.299998138,89634.03930386469,43164.17071786959,-4.031571382980024,0
83.349998136,89633.81883933867,43164.43503860965,-4.030143518864121,0
83.449998134,89633.3906587062,43164.971581228565,-4.028186925843261,0
83.499998133,89633.17045517144,43165.23575165753,-4.028342716242647,0
83.549998132,89632.95186309794,43165.50105818901,-4.028848565535731,0
83.599998131,89632.74447417601,43165.77005925714,-4.0299310340542265,0
83.699998129,89632.30311015614,43166.29791455467,-4.033814083993646,0
83.749998128,89632.09773402332,43166.57188748891,-4.036192485988079,0
83.849998125,89631.66645626762,43167.10594504359,-4.041868082991919,0
83.999998122,89631.02746028874,43167.91972986324,-4.048905583402742,0
84.049998121,89630.81613493356,43168.18895347656,-4.050588627217483,0
84.149998119,89630.3958315581,43168.73719458919,-4.0536184039209,0
84.199998117,89630.18478436099,43169.01065818615,-4.0540882578709665,0
84.249998116,89629.97224512347,43169.2787614609,-4.0536891491644855,0
84.299998115,89629.76326401634,43169.55321961414,-4.052348444510605,0
84.399998113,89629.3412315581,43170.100194589184,-4.046769616301329,0
84.449998112,89629.1173587062,43170.36578122856,-4.042772132381197,0
84.499998111,89628.9101028662,43170.63828495627,-4.037483430290444,0
84.599998109,89628.475511487,43171.169680365514,-4.023775135369725,0
84.649998107,89628.25636516581,43171.43487745545,-4.014682721894408,0
84.699998106,89628.0379373145,43171.7005193184,-4.004982508160639,0
84.749998105,89627.81766740025,43171.96109997539,-3.9949039894804037,0
84.799998104,89627.58760671929,43172.21985596454,-3.983462320441905,0
84.949998101,89626.88599716818,43172.98390272491,-3.952964684838541,0
84.9999981,89626.65026773248,43173.23247257215,-3.947617503107227,0
85.099998097,89626.16135169652,43173.72413665013,-3.940167691420317,0
85.149998096,89625.93146269371,43173.9786678478,-3.9413509642690707,0
85.199998095,89625.68500297422,43174.22048552909,-3.94537730835168,0
85.249998094,89625.44394872237,43174.4718993174,-3.9528639828099283,0
85.299998093,89625.20070361253,43174.716586156756,-3.966503528965747,0
85.399998091,89624.74856775906,43175.23297223292,-3.996806052688184,0
85.44999809,89624.5125976394,43175.4889776605,-4.013277158041886,0
85.499998088,89624.30200489119,43175.75803130255,-4.030945669682044,0
85.549998087,89624.08605870622,43176.02998122857,-4.048050075654153,0
85.599998086,89623.8672938873,43176.299228606054,-4.064880528024916,0
85.699998084,89623.46335692002,43176.858146999926,-4.097930847747533,0
85.749998083,89623.27346576122,43177.14293443189,-4.115259424653191,0
85.799998082,89623.06672293223,43177.42178519497,-4.132830351516922,0
85.999998077,89622.36299579422,43178.60843859859,-4.222556096640428,0
86.049998076,89622.20366760153,43178.91169055655,-4.247415318194729,0
86.099998075,89622.05335321129,43179.21970151013,-4.272274539749039,0
86.199998073,89621.76798857134,43179.85034708121,-4.330159127731389,0
86.249998072,89621.64137623692,43180.16943914637,-4.3597279577222,0
86.299998071,89621.53598365665,43180.49435043981,-4.402020072317333,0
86.399998068,89621.35040269885,43181.148404850734,-4.495239840186382,0
86.449998067,89621.27001117673,43181.477812749115,-4.554711750799058,0
86.499998066,89621.22532709321,43181.814017114164,-4.6259957775553495,0
86.549998065,89621.20390774598,43182.14891756504,-4.7008243180669265,0
86.599998064,89621.19283125739,43182.48597139499,-4.782069586811377,0
86.699998062,89621.28224236454,43183.14163908581,-4.933198717607966,0
86.74999806,89621.37017130767,43183.45827220199,-4.999921645059954,0
86.799998059,89621.47466962057,43183.770376979635,-5.0586213951751615,0
86.849998058,89621.58913415053,43184.07508383103,-5.111168001219392,0
86.949998056,89621.87914371377,43184.647548468725,-5.253417093615023,0
87.049998054,89622.23493170562,43185.17929705753,-5.384192727524715,0
87.099998053,89622.43569301962,43185.42392175135,-5.447371285972467,0
87.19999805,89622.89162566118,43185.86641772359,-5.573367244672146,0
87.249998049,89623.13686506159,43186.07039199976,-5.630056277815601,0
87.299998048,89623.40044160727,43186.249468506256,-5.693479759546929,0
87.349998047,89623.66490378695,43186.424335438496,-5.754040958313746,0
87.399998046,89623.9494409627,43186.57118089235,-5.794987291081607,0
87.499998044,89624.50455118486,43186.849239763986,-5.8616268488990535,0
87.549998043,89624.79096613577,43186.96760997121,-5.893529986470981,0
87.599998041,89625.07358055678,43187.09001950125,-5.93375967893538,0
87.64999804,89625.37575773247,43187.19008261302,-5.9789238085942555,0
87.699998039,89625.66802311681,43187.278316117,-6.019841275562466,0
87.799998037,89626.27558197104,43187.421879305686,-6.09218311237635,0
87.849998036,89626.59019273515,43187.479777530905,-6.126793193367989,0
87.999998033,89627.52386300937,43187.58762997415,-6.236044625721851,0
88.049998031,89627.84551517684,43187.59397050691,-6.277112762364894,0
88.09999803,89628.1582115731,43187.59989679168,-6.318180899829292,0
88.199998028,89628.7985194999,43187.550700342654,-6.398323860973039,0
88.249998027,89629.11805171386,43187.50955298475,-6.43784016491186,0
88.299998026,89629.43727761267,43187.4572265529,-6.477656699582997,0
88.349998025,89629.75631828919,43187.393800291014,-6.517537016322605,0
88.399998024,89630.06628197739,43187.31023111065,-6.557991371665572,0
88.499998021,89630.68564782763,43187.11379422933,-6.634890050494627,0
88.54999802,89630.99625635399,43187.00288233128,-6.669610771821287,0
88.599998019,89631.29707737511,43186.874925339536,-6.702773529312558,0
88.649998018,89631.5890018828,43186.73040370676,-6.7404632437299705,0
88.699998017,89631.8831460176,43186.58363231643,-6.7729702704818555,0
88.799998015,89632.46171443543,43186.26057351642,-6.8354078714354864,0
88.849998014,89632.73761173648,43186.0793187053,-6.864308148651658,0
88.949998011,89633.28612202438,43185.70651429796,-6.9147865937310815,0
88.99999801,89633.55524916257,43185.505487974035,-6.935836641580358,0
89.099998008,89634.07007237022,43185.08748757303,-6.9735297016652495,0
89.149998007,89634.325900142,43184.87420093177,-6.987635522976018,0
89.199998006,89634.5826517737,43184.65798924103,-6.995905192517018,0
89.249998005,89634.83896156876,43184.43729669934,-7.002602656421035,0
89.299998003,89635.08484207818,43184.20985823675,-6.998917413652266,0
89.399998001,89635.60472587393,43183.773272525345,-6.9787864218194375,0
89.449998,89635.86229717656,43183.55432082954,-6.964084420070841,0
89.499997999,89636.12168834136,43183.34151304542,-6.941530407171221,0
89.549997998,89636.39104074617,43183.13502495665,-6.920308659033886,0
89.649997996,89636.94601772679,43182.74724392529,-6.865394781391949,0
89.699997995,89637.23051796161,43182.5610245021,-6.8337509665856135,0
89.749997993,89637.51592448307,43182.38709905134,-6.8006559073588155,0
89.799997992,89637.82015059766,43182.23147264976,-6.754822008842138,0
89.949997989,89638.73730431942,43181.811338218846,-6.634984613874378,0
89.999997988,89639.06340431966,43181.704867095665,-6.594383146768196,0
90.099997986,89639.70968814574,43181.51784351597,-6.512477228430455,0
90.149997984,89640.04194615514,43181.45554817042,-6.471217086807852,0
90.199997983,89640.37966542612,43181.391839462995,-6.434573628775999,0
90.299997981,89641.0549075579,43181.31488052891,-6.366126543414756,0
90.34999798,89641.39127437063,43181.285310022984,-6.334468987672331,0
90.399997979,89641.72826770117,43181.278113055356,-6.30403203100082,0
90.449997978,89642.06453434213,43181.27182020206,-6.268889419797856,0
90.499997977,89642.40068248742,43181.288017653875,-6.23649911285564,0
90.599997974,89643.07188242281,43181.337909738715,-6.172084264820353,0
90.649997973,89643.40736489878,43181.375768584265,-6.140501318641983,0
90.699997972,89643.7416675367,43181.434900380504,-6.1100227919233445,0
90.749997971,89644.0768578547,43181.49465412885,-6.080625758897379,0
90.79999797,89644.41203414001,43181.562946669656,-6.052695405185166,0
90.949997967,89645.39062496231,43181.83682684082,-5.98451838480425,0
90.999997965,89645.71784532916,43181.93774113906,-5.967616736398711,0
91.049997964,89646.03614807759,43182.04953855479,-5.950715087655143,0
91.099997963,89646.35526546605,43182.16246736923,-5.93328896085089,0
91.199997961,89647.00091381483,43182.40840778137,-5.901446728012946,0
91.24999796,89647.3203445141,43182.53583302064,-5.8873086552993605,0
91.299997959,89647.62988948423,43182.67588845922,-5.873442756211115,0
91.349997958,89647.95011645516,43182.81309466624,-5.861917656339321,0
91.399997957,89648.26055069854,43182.957981171814,-5.849504315052368,0
91.499997954,89648.88310623744,43183.25215138092,-5.825380294947546,0
91.549997953,89649.18568158416,43183.40901448579,-5.8151506981170495,0
91.599997952,89649.49929129395,43183.55916657024,-5.807472214594263,0
91.649997951,89649.80028365323,43183.72658473281,-5.800428211599193,0
91.69999795,89650.10524075029,43183.88618574794,-5.794734948264327,0
91.799997948,89650.71334179705,43184.212930083864,-5.792416686460583,0
91.949997944,89651.6285311429,43184.699094450574,-5.809789429358614,0
91.999997943,89651.94226949624,43184.85690925855,-5.820619411702132,0
92.099997941,89652.56163235311,43185.161087350665,-5.849077532608817,0
92.14999794,89652.87564888448,43185.306550894406,-5.865825788566891,0
92.199997939,89653.19016550189,43185.44267053815,-5.882312176143363,0
92.249997938,89653.51239342216,43185.5748485951,-5.900727008106211,0
92.349997935,89654.15613204439,43185.82532102767,-5.944703039860969,0
92.399997934,89654.48673092862,43185.93530895039,-5.966604394907775,0
92.449997933,89654.8161065188,43186.04572989625,-5.988543937338692,0
92.499997932,89655.14676465689,43186.13950901903,-6.009813255090026,0
92.59999793,89655.82232548203,43186.310192701836,-6.062392911725266,0
92.649997929,89656.16696870283,43186.38857659986,-6.0948722397963415,0
92.699997927,89656.5052699479,43186.44489168266,-6.130708959582382,0
92.749997926,89656.84999720461,43186.496823482354,-6.171514991103986,0
92.799997925,89657.20328491429,43186.5274988416,-6.210378173743997,0
92.949997922,89658.24408479047,43186.54951224652,-6.342354548223337,0
92.999997921,89658.58783647053,43186.51949675788,-6.400766245318487,0
93.04999792,89658.93083593453,43186.47650145096,-6.460907927307255,0
93.099997919,89659.26541404733,43186.417331971985,-6.536619472992769,0
93.199997916,89659.92089531409,43186.20712658538,-6.693311143877958,0
93.249997915,89660.22663314735,43186.06625230674,-6.771575756778372,0
93.299997914,89660.52393572783,43185.90432134951,-6.844783341373647,0
93.399997912,89661.06599712485,43185.51291542277,-7.010815422961834,0
93.449997911,89661.3105462937,43185.28457943847,-7.088970074873339,0
93.49999791,89661.53045326877,43185.04170769941,-7.1628191888643915,0
93.549997908,89661.73552075369,43184.78243920853,-7.2295120327142,0
93.599997907,89661.91475036004,43184.51151617409,-7.2931014043449505,0
93.699997905,89662.2414527944,43183.951490109794,-7.428898121542724,0
93.749997904,89662.36499525605,43183.65746252546,-7.505155442597196,0
93.799997903,89662.47706442667,43183.35837063583,-7.580749089490638,0
93.9499979,89662.63232489736,43182.41878501152,-7.818631719713028,0
94.049997897,89662.60931777356,43181.787000013,-7.9433497691251755,0
94.099997896,89662.58049387428,43181.478635604595,-8.001823010498487,0
94.199997894,89662.45441768557,43180.868944679394,-8.103490068201188,0
94.249997893,89662.3700717663,43180.57108286301,-8.143355183986458,0
94.299997892,89662.27045346292,43180.281701334454,-8.181011053251234,0
94.349997891,89662.18475484861,43179.98857163316,-8.224108111730034,0
94.449997888,89661.93234905558,43179.41942444867,-8.304370076988693,0
94.499997887,89661.7885856046,43179.139229046,-8.342083026715619,0
94.549997886,89661.64008894905,43178.86562149584,-8.387704726726483,0
94.599997885,89661.47228824583,43178.598622896745,-8.43126225275957,0
94.699997883,89661.11067985889,43178.07852727767,-8.508603623244394,0
94.799997881,89660.70287282266,43177.58735112285,-8.582794080932691,0
94.849997879,89660.49855619266,43177.342329945874,-8.62089657438788,0
94.999997876,89659.77567247843,43176.688904356284,-8.73795428182949,0
95.099997874,89659.25487815306,43176.29466691286,-8.818407513253012,0
95.199997872,89658.70465410709,43175.9390566522,-8.896481734808884,0
95.24999787,89658.41879602152,43175.774705998905,-8.933123224492205,0
95.349997868,89657.83119412514,43175.482866718,-9.000198057536553,0
95.449997866,89657.21375719513,43175.23057308751,-9.056281114054343,0
95.499997865,89656.90762066396,43175.10830191146,-9.07960792045054,0
95.599997863,89656.27802744618,43174.89832145715,-9.115029513158898,0
95.69999786,89655.63400524808,43174.70936517708,-9.136102051538284,0
95.749997859,89655.31304982804,43174.61862937803,-9.139784448635696,0
95.799997858,89654.9926092616,43174.52442642929,-9.140000885226693,0
95.999997854,89653.70389850339,43174.14064735955,-9.11826196070814,0
96.049997853,89653.38507635558,43174.03456513967,-9.109854667710097,0
96.099997851,89653.06466220853,43173.93300973905,-9.100728665350042,0
96.199997849,89652.42558549186,43173.71306892651,-9.07742792261385,0
96.249997848,89652.11501260985,43173.59475991021,-9.063643745354117,0
96.349997846,89651.484203144,43173.35125871015,-9.032217738042933,0
96.449997844,89650.85320599738,43173.08855090359,-8.996620504966728,0
96.499997843,89650.55296459167,43172.9378711689,-8.97608142007991,0
96.59999784,89649.93809440148,43172.63996276632,-8.928237135773935,0
96.699997838,89649.35069529392,43172.303636547374,-8.869528669065998,0
96.749997837,89649.06679420969,43172.11880153057,-8.83701609474763,0
96.799997836,89648.7819719287,43171.92490744009,-8.804696366787853,0
96.999997831,89647.72507923777,43171.0641972303,-8.635314908372303,0
97.04999783,89647.49255402623,43170.81930356148,-8.58484831579919,0
97.099997829,89647.26606228738,43170.565554991124,-8.534381723226064,0
97.149997828,89647.0583346178,43170.2976062678,-8.471851951470821,0
97.199997827,89646.86710582823,43170.018596213245,-8.406905119478147,0
97.299997825,89646.53363497453,43169.42334453745,-8.268906237264599,0
97.349997824,89646.40185658495,43169.11004868589,-8.199059816242093,0
97.399997822,89646.29516710156,43168.78558712748,-8.113092026116009,0
97.49999782,89646.15213946464,43168.10982702576,-7.959828692639233,0
97.549997819,89646.1280462981,43167.76969790037,-7.8828393466501785,0
97.599997818,89646.1232795082,43167.42429099405,-7.805404595772854,0
97.649997817,89646.14080000001,43167.08,-7.7384956118873545,0
97.699997816,89646.19559039097,43166.741181546866,-7.681813855330483,0
97.799997813,89646.34226104413,43166.07361373086,-7.574056391406594,0
97.849997812,89646.44088539066,43165.74828635167,-7.51845509566072,0
97.94999781,89646.69166909285,43165.11167323594,-7.400157827140754,0
98.049997808,89647.02483924436,43164.506845878146,-7.2916543288353095,0
98.099997807,89647.22189921112,43164.22380529209,-7.235041933339087,0
98.199997805,89647.65100485185,43163.68483349221,-7.118070674173433,0
98.249997803,89647.89008987824,43163.437274255375,-7.0621172849507055,0
98.29999780200001,89648.14181277435,43163.19586337242,-7.0187183948903265,0
98.349997801,89648.40074354061,43162.97054345637,-6.974989178959165,0
98.3999978,89648.67586936947,43162.75869186129,-6.9351983805381785,0
98.499997798,89649.23236661204,43162.356927416295,-6.8523291799562,0
98.549997797,89649.52917861301,43162.17659760383,-6.807048834449809,0
98.599997796,89649.83300272895,43162.011996833746,-6.764253987584067,0
98.699997793,89650.45122050702,43161.71176335998,-6.686162767888859,0
98.749997792,89650.77721212758,43161.58318441349,-6.64920040660586,0
98.799997791,89651.10041202931,43161.461111823286,-6.612451346412344,0
98.84999779,89651.43337548696,43161.36028013198,-6.576438326024323,0
98.949997788,89652.10185795679,43161.17630879799,-6.516363933719957,0
99.049997786,89652.77714769443,43161.03337413377,-6.448994508664682,0
99.099997784,89653.12340352681,43160.98731359316,-6.415289558119661,0
99.149997783,89653.46812893875,43160.94254140692,-6.383180736400985,0
99.199997782,89653.81304310914,43160.91209406267,-6.351819835968924,0
99.29999778,89654.50178254797,43160.87997244782,-6.291385477023527,0
99.349997779,89654.8460279111,43160.88047782472,-6.262747089297851,0
99.399997778,89655.18968149206,43160.89380222386,-6.233867985967733,0
99.499997776,89655.87661509124,43160.943030158836,-6.17442055803813,0
99.549997774,89656.21992914483,43160.98047324676,-6.145405143414577,0
99.599997773,89656.56247719945,43161.03236919155,-6.117092013991006,0
99.649997772,89656.89722357957,43161.0964652776,-6.085035290083859,0
99.699997771,89657.24001570107,43161.16355779903,-6.055907329771936,0
99.799997769,89657.90895596302,43161.33455930531,-5.989668336809866,0
99.849997768,89658.23411264963,43161.43901936667,-5.954207129447401,0
99.949997765,89658.8768094848,43161.67940172865,-5.878528873209521,0
100.049997763,89659.50265069855,43161.96568117181,-5.806113961168495,0
100.099997762,89659.80293581441,43162.12790604034,-5.767843389114296,0
100.149997761,89660.09468415943,43162.30121972947,-5.728603349554588,0
100.19999776,89660.38750356334,43162.48427044307,-5.693016798978666,0
100.299997758,89660.94791270349,43162.882665513025,-5.62235838379413,0
100.349997757,89661.21492405001,43163.09842927464,-5.587644100334399,0
100.399997755,89661.4754616353,43163.319695177954,-5.557550578067264,0
100.449997754,89661.73813243593,43163.54595219685,-5.523846373845337,0
100.499997753,89661.9786678478,43163.79123730631,-5.4926014722151075,0
100.599997751,89662.45588822127,43164.286697324766,-5.439020896139302,0
100.699997749,89662.89673045339,43164.813623771435,-5.389516083123228,0
100.749997748,89663.11047064123,43165.08341276777,-5.368751861689961,0
100.799997746,89663.31614999867,43165.35712181994,-5.35094253339973,0
100.999997742,89664.10927872149,43166.47907298696,-5.326984077917169,0
101.09999774,89664.51142634016,43167.0391496541,-5.339513521026043,0
101.149997739,89664.7029854827,43167.32279882559,-5.354741508727091,0
101.199997738,89664.9128948255,43167.59137581343,-5.371344653506106,0
101.299997735,89665.35124279381,43168.127398811586,-5.419321941351996,0
101.349997734,89665.57308479719,43168.38695633965,-5.448130774547361,0
101.399997733,89665.80602310352,43168.63538038827,-5.480739013364182,0
101.449997732,89666.04461098112,43168.88108621444,-5.520576505223128,0
101.499997731,89666.29474734141,43169.111734144906,-5.5591635034726785,0
101.599997729,89666.82547568691,43169.54431566376,-5.649359379573411,0
101.649997727,89667.09567750971,43169.745494049705,-5.7002551185973065,0
101.699997726,89667.3768563779,43169.92646293478,-5.760527501167646,0
101.749997725,89667.67508272362,43170.08850082793,-5.821038612364685,0
101.799997724,89667.97859860469,43170.23699574282,-5.87702059550392,0
101.899997722,89668.61813278185,43170.46675757367,-5.999840612094717,0
101.99999772,89669.27565513544,43170.6253868768,-6.122488237807052,0
102.099997717,89669.94549790969,43170.70079497208,-6.243082132842289,0
102.149997716,89670.28295561619,43170.709793833645,-6.302490507602536,0
102.199997715,89670.61949998849,43170.691322596016,-6.3616624776020645,0
102.249997714,89670.94719505233,43170.662911123996,-6.413679694891835,0
102.299997713,89671.27414147013,43170.61309894145,-6.466622838709374,0
102.399997711,89671.91803853668,43170.4597858477,-6.563839942826555,0
102.499997708,89672.53730714205,43170.25448414477,-6.6682531913024,0
102.549997707,89672.83635753627,43170.12133341021,-6.727228170763072,0
102.649997705,89673.41889005971,43169.81083591333,-6.830185578699713,0
102.699997704,89673.7012938812,43169.631056550184,-6.876630279833174,0
102.749997703,89673.9658705388,43169.433186541406,-6.922738162734384,0
102.849997701,89674.48396483548,43169.01305350545,-7.002911973735001,0
102.949997698,89674.98153076846,43168.55946619332,-7.072569926142722,0
103.049997696,89675.43887019456,43168.06721901894,-7.127241913762637,0
103.099997695,89675.65719541031,43167.80590572391,-7.154401125452073,0
103.149997694,89675.87120330067,43167.54383843125,-7.180853208677127,0
103.199997693,89676.08853259977,43167.280800024615,-7.2044070322473255,0
103.299997691,89676.48160354217,43166.723824043715,-7.252279547026689,0
103.349997689,89676.67301182354,43166.44372914148,-7.273629399410298,0
103.399997688,89676.85386673802,43166.153669488405,-7.293167866160888,0
103.449997687,89677.04008017,43165.8640287835,-7.315808964457482,0
103.499997686,89677.21406436214,43165.56722258775,-7.337481997725688,0
103.599997684,89677.53832712691,43164.96300657019,-7.378095345460319,0
103.649997683,89677.70144209788,43164.65771853092,-7.398031066580691,0
103.699997682,89677.83933955735,43164.34371429363,-7.41802661392352,0
103.749997681,89677.98757554153,43164.03528349964,-7.437986702116144,0
103.799997679,89678.12116119429,43163.71529353069,-7.456875051179337,0
103.949997676,89678.50078747234,43162.7535767196,-7.519208432231436,0
103.999997675,89678.61179845131,43162.42738882683,-7.540812929939275,0
104.049997674,89678.71501921918,43162.09704234251,-7.562417427647108,0
104.099997673,89678.8111613156,43161.76732057621,-7.5850614664686775,0
104.19999767,89678.97939754033,43161.09990716988,-7.63553986257783,0
104.249997669,89679.05046254929,43160.76218117357,-7.664994336863902,0
104.299997668,89679.10232199782,43160.424117115355,-7.692283757043658,0
104.349997667,89679.1639337574,43160.08397119362,-7.723237226982943,0
104.399997666,89679.1996231828,43159.742351967885,-7.753632089958273,0
104.499997664,89679.25763060532,43159.05355790853,-7.815028998798666,0
104.549997663,89679.26194314228,43158.70917444994,-7.846080649906199,0
104.599997662,89679.26386762249,43158.36486849464,-7.875625296853884,0
104.699997659,89679.23605160818,43157.67737036153,-7.944870099992864,0
104.749997658,89679.18738788494,43157.33476529695,-7.978311037613098,0
104.799997657,89679.14191215333,43156.995512013076,-8.011326267507638,0
104.849997656,89679.08999433613,43156.65246730895,-8.049199309301946,0
104.949997654,89678.93875116519,43155.98393212025,-8.11827402576451,0
105.049997651,89678.72776958566,43155.32584196943,-8.190815095752635,0
105.09999765,89678.61236071955,43155.00351721266,-8.227084018949373,0
105.149997649,89678.48980719132,43154.68118678692,-8.264818236792077,0
105.199997648,89678.34458476878,43154.369699265335,-8.30816669604372,0
105.299997646,89678.02208254268,43153.76458346578,-8.392940757779414,0
105.349997645,89677.83823497454,43153.47424453744,-8.433575835048401,0
105.399997644,89677.65315692278,43153.1844095438,-8.471486994352768,0
105.449997643,89677.4451988995,43152.911512029925,-8.514259579569375,0
105.499997641,89677.23701933303,43152.63790729581,-8.554573371242256,0
105.599997639,89676.77392978828,43152.1288447788,-8.628929496190494,0
105.649997638,89676.532870943,43151.88501212476,-8.66249421714287,0
105.699997637,89676.27427416324,43151.65097293834,-8.69293618052619,0
105.749997636,89676.02126764317,43151.419624849295,-8.720338753487919,0
105.799997635,89675.75621400862,43151.20487274029,-8.749281158905816,0
105.949997631,89674.92212423749,43150.589732933055,-8.83052364872009,0
106.049997629,89674.3444305848,43150.21381705558,-8.883160556802258,0
106.099997628,89674.04458661831,43150.03501961969,-8.909389904897525,0
106.149997627,89673.74373931199,43149.86934399189,-8.93500877048937,0
106.199997626,89673.44541674851,43149.70413044366,-8.957004518439422,0
106.299997624,89672.82204893035,43149.407224465176,-9.005228265001875,0
106.349997622,89672.49616991692,43149.278097516544,-9.029866043471902,0
106.399997621,89672.1838306193,43149.14171507257,-9.051942733358537,0
106.44999762,89671.8603042213,43149.01991963979,-9.076263024474624,0
106.499997619,89671.52954476087,43148.90617869387,-9.094796515481221,0
106.599997617,89670.87039500607,43148.691022958454,-9.133447767828123,0
106.649997616,89670.54047151003,43148.59457428312,-9.14919234396949,0
106.699997615,89670.20341769136,43148.501582796875,-9.163379957888308,0
106.749997613,89669.87434805266,43148.415472560766,-9.177939572772145,0
106.799997612,89669.53718368958,43148.334071370744,-9.187518648720642,0
106.949997609,89668.51973504637,43148.098712485786,-9.20634753388903,0
106.999997608,89668.18383099341,43148.025870440135,-9.20900080631149,0
107.099997606,89667.51163283488,43147.877262112,-9.212665323758122,0
107.149997605,89667.17568862892,43147.803462395175,-9.21240268966149,0
107.199997603,89666.8317245223,43147.730674991704,-9.210527307448109,0
107.249997602,89666.49608070422,43147.65444607302,-9.207530297427443,0
107.3499976,89665.82425230557,43147.50617413378,-9.197070293695257,0
107.399997599,89665.48876409972,43147.42527989467,-9.187579731467906,0
107.449997598,89665.15304630571,43147.34735642493,-9.175995458144355,0
107.499997597,89664.81841967063,43147.25573062998,-9.162888180496568,0
107.599997594,89664.15582813551,43147.07095872743,-9.132512368913495,0
107.649997593,89663.82914007276,43146.96860780218,-9.11505693612545,0
107.699997592,89663.49317547798,43146.86642282412,-9.09360853899722,0
107.749997591,89663.16743482326,43146.75000334202,-9.064516991464812,0
107.79999759,89662.84948805517,43146.625204981225,-9.033957400632685,0
107.949997587,89661.91442087726,43146.186813701315,-8.924974268640788,0
107.999997586,89661.61241581223,43146.026019404424,-8.882995648802188,0
108.099997583,89661.03054176486,43145.649479474145,-8.7992910778667,0
108.149997582,89660.75518055541,43145.44558821608,-8.7574383959198,0
108.199997581,89660.4881118148,43145.22985539744,-8.714317290602947,0
108.299997579,89659.98854853786,43144.76115835191,-8.625882400364711,0
108.399997577,89659.52853139958,43144.2526194256,-8.548034151565727,0
108.449997575,89659.30641247891,43143.98713904848,-8.50603339970013,0
108.549997573,89658.90887008798,43143.423043354975,-8.431044809207147,0
108.599997572,89658.73355767192,43143.12543935316,-8.393384469816796,0
108.69999757,89658.39437156254,43142.524175250976,-8.307243347513323,0
108.749997569,89658.24943332959,43142.20949899093,-8.267626923611983,0
108.849997567,89657.99311363504,43141.572845160255,-8.192912892992416,0
108.999997563,89657.7029490019,43140.57785500671,-8.091889813344155,0
109.049997562,89657.62232085763,43140.24430240486,-8.062590511012434,0
109.14999756,89657.50772614624,43139.56447855572,-8.002657246887754,0
109.199997559,89657.45837282354,43139.22777022242,-7.973520114864722,0
109.249997558,89657.41803711004,43138.88318872081,-7.949210244999652,0
109.299997556,89657.39806548948,43138.541894773894,-7.922389700812736,0
109.349997555,89657.36701995098,43138.198171474556,-7.90328235772949,0
109.449997553,89657.3475753094,43137.50576449679,-7.873037868615284,0
109.499997552,89657.34542717291,43137.161768614176,-7.861945928576588,0
109.549997551,89657.35175129473,43136.81800004402,-7.8526425827206525,0
109.59999755,89657.35160000001,43136.4741,-7.8492707270385536,0
109.649997549,89657.35160000001,43136.1268,-7.8487771115757345,0
109.699997548,89657.36511831006,43135.78286510956,-7.849507920727206,0
109.799997545,89657.35922515835,43135.091600010775,-7.8593777495685115,0
109.849997544,89657.35947562536,43134.747800011,-7.86758025531749,0
109.999997541,89657.33772195922,43133.712768734025,-7.903757700108701,0
110.04999754,89657.31626520796,43133.36546495297,-7.91755545538303,0
110.099997539,89657.28677454373,43133.02190491871,-7.931353210657355,0
110.199997536,89657.24013428329,43132.33430084339,-7.968156435876557,0
110.249997535,89657.18931987754,43131.991565317076,-7.992838851344549,0
110.299997534,89657.14986988415,43131.65190536163,-8.0188082311416,0
110.399997532,89657.01529393785,43130.974702876614,-8.06918490498118,0
110.449997531,89656.93883895587,43130.64001373087,-8.0941102069123,0
110.49999753,89656.85530627613,43130.30523472794,-8.111210704142852,0
110.599997527,89656.66375947777,43129.64428026333,-8.12960249921791,0
110.649997526,89656.56988966106,43129.31239998408,-8.127285621353545,0
110.699997525,89656.47614880036,43128.98018327796,-8.119664772080286,0
110.749997524,89656.38247918505,43128.64817470053,-8.11104731941143,0
110.799997523,89656.30278299745,43128.31060627284,-8.10423593403964,0
110.94999752,89656.04401299806,43127.31093036065,-8.111790673668656,0
110.999997518,89655.9725560452,43126.973023179555,-8.129615651030864,0
111.099997516,89655.77925913277,43126.324437598705,-8.181006446015857,0
111.149997515,89655.67214808502,43126.001897924805,-8.222014920998399,0
111.199997514,89655.54156767433,43125.694032008774,-8.269292646726921,0
111.249997513,89655.4102163452,43125.3878074061,-8.317215489233146,0
111.299997512,89655.2557260993,43125.09706202043,-8.360042202029094,0
111.39999751,89654.9049063342,43124.531107251896,-8.450880689399938,0
111.449997508,89654.71800462548,43124.25830891846,-8.502974064879071,0
111.499997507,89654.5110425764,43123.996707106744,-8.558171250408888,0
111.549997506,89654.29019473979,43123.74284313109,-8.612539419598303,0
111.649997504,89653.80669025425,43123.27852760446,-8.709630568338351,0
111.699997503,89653.5492080025,43123.060054462076,-8.757930925178192,0
111.749997502,89653.28439420674,43122.85301397615,-8.80459936647918,0
111.799997501,89653.00074177567,43122.66741988783,-8.847917705060766,0
111.949997497,89652.12504514857,43122.157080176534,-8.967160677982683,0
111.999997496,89651.8152684336,43122.01051189905,-9.005119215099992,0
112.099997494,89651.18156716894,43121.755719392844,-9.076898316185014,0
112.149997493,89650.85828618518,43121.642492218634,-9.1103395008315,0
112.199997492,89650.53526394226,43121.54093896091,-9.145871742098565,0
112.249997491,89650.2038861539,43121.45328887453,-9.17740995075569,0
112.299997489,89649.87407099706,43121.36848890295,-9.204410110373583,0
112.399997487,89649.19859538003,43121.23592671333,-9.254759251994571,0
112.449997486,89648.8615871419,43121.17903881027,-9.276789561552233,0
112.499997485,89648.52424600288,43121.13657125975,-9.297908907467928,0
112.549997484,89648.1802926578,43121.08679495933,-9.31582647582696,0
112.599997483,89647.8354494357,43121.05665985758,-9.333059850167285,0
112.649997482,89647.49909047243,43121.024146466785,-9.34968471794032,0
112.69999748,89647.15491679312,43121.00310715499,-9.366306503773844,0
112.749997479,89646.81101076747,43120.98228915948,-9.38508327602061,0
112.949997475,89645.42750000276,43120.97256217081,-9.455548042162992,0
112.999997474,89645.08376688877,43120.98629726081,-9.474962526103404,0
113.049997473,89644.73214621643,43121.000918438,-9.494313541035366,0
113.099997472,89644.38890049502,43121.03326060057,-9.513093334903921,0
113.199997469,89643.70215913329,43121.097644136695,-9.549665004657921,0
113.249997468,89643.3668251417,43121.143001464254,-9.567242854067313,0
113.299997467,89643.02360471149,43121.19547984323,-9.581973241061181,0
113.349997466,89642.68039585753,43121.249026689286,-9.59908617419713,0
113.399997465,89642.33738203769,43121.313101630694,-9.613823661893413,0
113.549997461,89641.32395170035,43121.52735108737,-9.654733718982056,0
113.59999746,89640.98835230558,43121.603125866226,-9.667740712412561,0
113.649997459,89640.65363047984,43121.69071415954,-9.680527682560152,0
113.699997458,89640.32659619911,43121.78092297128,-9.69527384055801,0
113.799997456,89639.65586671658,43121.968179686286,-9.731640378462068,0
113.849997455,89639.32960074778,43122.07659721019,-9.75373291257236,0
113.949997453,89638.67713163393,43122.314283789674,-9.804474013845862,0
113.999997451,89638.35835160043,43122.43931620828,-9.832153133021732,0
114.099997449,89637.73266553409,43122.7341470951,-9.88744923200236,0
114.149997448,89637.42152292542,43122.885212690635,-9.916452046460606,0
114.249997446,89636.8285498327,43123.22998133858,-9.977763221116822,0
114.299997445,89636.53397861545,43123.40950263722,-10.011864627957713,0
114.399997442,89635.97382701306,43123.80827872149,-10.07569494863186,0
114.449997441,89635.69668822513,43124.02109967082,-10.108343710783952,0
114.549997439,89635.1757925831,43124.4717820309,-10.174636871318844,0
114.599997438,89634.93377231622,43124.71115894231,-10.200632960966276,0
114.699997436,89634.45052703255,43125.20481082197,-10.249485001638485,0
114.749997435,89634.21092345392,43125.4613219777,-10.27007963724136,0
114.799997434,89633.99224947952,43125.726384660986,-10.28717418743495,0
114.999997429,89633.1206980466,43126.79422456681,-10.33497618746649,0
115.049997428,89632.91029716194,43127.064058686025,-10.343242353033475,0
115.149997426,89632.49132031358,43127.61720998569,-10.358032100169849,0
115.199997425,89632.29177008799,43127.89715664503,-10.363995055730985,0
115.249997423,89632.08852086832,43128.1744205867,-10.369101664908312,0
115.349997421,89631.68361773671,43128.73403706908,-10.37812733772169,0
115.39999742,89631.49250808182,43129.01833322631,-10.3825116511701,0
115.499997418,89631.09368329517,43129.58067712225,-10.38986801211015,0
115.599997416,89630.70325683968,43130.14709767185,-10.396346541235026,0
115.649997415,89630.50929860139,43130.43322267733,-10.399252612000494,0
115.699997413,89630.31414982027,43130.718457742136,-10.401971648683116,0
115.799997411,89629.92353366019,43131.288746680766,-10.406103803866323,0
115.999997407,89629.15739098135,43132.43678035505,-10.409847025124717,0
116.049997406,89628.97586394419,43132.72982951067,-10.410066337540378,0
116.149997403,89628.58747966576,43133.30030970931,-10.410034250002385,0
116.199997402,89628.40515150026,43133.59309177477,-10.409474489518782,0
116.2999974,89628.02128789917,43134.16636643518,-10.40823779329911,0
116.399997398,89627.63838789915,43134.74056643517,-10.406504883159206,0
116.449997397,89627.4389986014,43135.02302267733,-10.406028696148107,0
116.549997394,89627.05618246717,43135.59741162801,-10.405755937863207,0
116.599997393,89626.87258152058,43135.88519647382,-10.406731349790395,0
116.649997392,89626.67447069925,43136.172388269784,-10.408197855504177,0
116.74999739,89626.29187069925,43136.746588269794,-10.415648945744417,0
116.799997389,89626.10848877746,43137.03831596433,-10.421215113270609,0
116.949997385,89625.5474887497,43137.91025388849,-10.4404043330038,0
116.999997384,89625.37144857054,43138.20580121503,-10.447081938144661,0
117.049997383,89625.192278226,43138.49900350856,-10.453759543285527,0
117.099997382,89625.01269061129,43138.79221109565,-10.459524329929025,0
117.19999738,89624.66643497454,43139.38885546256,-10.469743258284037,0
117.249997379,89624.49564735139,43139.690610907775,-10.473318145583276,0
117.299997378,89624.32296212822,43139.98678694838,-10.475481830058918,0
117.349997377,89624.15219579422,43140.28823859859,-10.477302758457764,0
117.399997375,89623.98019874649,43140.58868311045,-10.478525729677886,0
117.499997373,89623.63532459491,43141.18590737506,-10.47941791776544,0
