/home/thistle/e2e_autonomous/e2e_lite_transfuser/.venv/lib/python3.10/site-packages/torch/nn/modules/transformer.py:382: UserWarning: enable_nested_tensor is True, but self.use_nested_tensor is False because encoder_layer.norm_first was True
  warnings.warn(
{"phase": "INITIAL_VALIDATION", "arm": "command_off", "epoch": 1, "epochs": 10, "epoch_cursor": 0, "anchors_per_epoch": 36726, "optimizer_steps": 0, "elapsed_seconds": 0.05505269999957818}
{"phase": "TRAINING", "arm": "command_off", "epoch": 1, "epochs": 10, "epoch_cursor": 0, "anchors_per_epoch": 36726, "optimizer_steps": 0, "elapsed_seconds": 116.8091938309999}
{"phase": "TRAINING", "arm": "command_off", "epoch": 1, "epochs": 10, "epoch_cursor": 1600, "anchors_per_epoch": 36726, "optimizer_steps": 50, "elapsed_seconds": 154.37665423399994, "train_l1_m": 0.3981364977856477, "learning_rate": 0.0002999873627384243}
{"phase": "TRAINING", "arm": "command_off", "epoch": 1, "epochs": 10, "epoch_cursor": 3200, "anchors_per_epoch": 36726, "optimizer_steps": 100, "elapsed_seconds": 175.55397792299937, "train_l1_m": 0.29364702957708005, "learning_rate": 0.00029994945331962694}
{"phase": "TRAINING", "arm": "command_off", "epoch": 1, "epochs": 10, "epoch_cursor": 4800, "anchors_per_epoch": 36726, "optimizer_steps": 150, "elapsed_seconds": 193.35285930200007, "train_l1_m": 0.2597675301348563, "learning_rate": 0.00029988627884095897}
{"phase": "TRAINING", "arm": "command_off", "epoch": 1, "epochs": 10, "epoch_cursor": 6400, "anchors_per_epoch": 36726, "optimizer_steps": 200, "elapsed_seconds": 211.2948771579995, "train_l1_m": 0.23455002019438617, "learning_rate": 0.00029979785112986405}
{"phase": "TRAINING", "arm": "command_off", "epoch": 1, "epochs": 10, "epoch_cursor": 8000, "anchors_per_epoch": 36726, "optimizer_steps": 250, "elapsed_seconds": 228.9691906779999, "train_l1_m": 0.21736785441849774, "learning_rate": 0.0002996841867416618}
{"phase": "TRAINING", "arm": "command_off", "epoch": 1, "epochs": 10, "epoch_cursor": 9600, "anchors_per_epoch": 36726, "optimizer_steps": 300, "elapsed_seconds": 246.88289686499957, "train_l1_m": 0.2038057438092047, "learning_rate": 0.0002995453069564506}
{"phase": "TRAINING", "arm": "command_off", "epoch": 1, "epochs": 10, "epoch_cursor": 11200, "anchors_per_epoch": 36726, "optimizer_steps": 350, "elapsed_seconds": 264.71805105099975, "train_l1_m": 0.1920298756534751, "learning_rate": 0.0002993812377751221}
{"phase": "TRAINING", "arm": "command_off", "epoch": 1, "epochs": 10, "epoch_cursor": 12800, "anchors_per_epoch": 36726, "optimizer_steps": 400, "elapsed_seconds": 282.4630507060001, "train_l1_m": 0.18270130996397488, "learning_rate": 0.00029919200991449283}
{"phase": "TRAINING", "arm": "command_off", "epoch": 1, "epochs": 10, "epoch_cursor": 14400, "anchors_per_epoch": 36726, "optimizer_steps": 450, "elapsed_seconds": 300.308115066, "train_l1_m": 0.17555694217435536, "learning_rate": 0.0002989776588015557}
{"phase": "TRAINING", "arm": "command_off", "epoch": 1, "epochs": 10, "epoch_cursor": 16000, "anchors_per_epoch": 36726, "optimizer_steps": 500, "elapsed_seconds": 318.6770454589996, "train_l1_m": 0.16892687597901226, "learning_rate": 0.0002987382245668445}
{"phase": "TRAINING", "arm": "command_off", "epoch": 1, "epochs": 10, "epoch_cursor": 17600, "anchors_per_epoch": 36726, "optimizer_steps": 550, "elapsed_seconds": 337.45522280800014, "train_l1_m": 0.162401281275208, "learning_rate": 0.00029847375203692335}
{"phase": "TRAINING", "arm": "command_off", "epoch": 1, "epochs": 10, "epoch_cursor": 19200, "anchors_per_epoch": 36726, "optimizer_steps": 600, "elapsed_seconds": 355.9934993930001, "train_l1_m": 0.1575946328637404, "learning_rate": 0.0002981842907259929}
{"phase": "TRAINING", "arm": "command_off", "epoch": 1, "epochs": 10, "epoch_cursor": 20800, "anchors_per_epoch": 36726, "optimizer_steps": 650, "elapsed_seconds": 374.40310648099967, "train_l1_m": 0.15350578044928495, "learning_rate": 0.00029786989482662055}
{"phase": "TRAINING", "arm": "command_off", "epoch": 1, "epochs": 10, "epoch_cursor": 22400, "anchors_per_epoch": 36726, "optimizer_steps": 700, "elapsed_seconds": 392.63633852400017, "train_l1_m": 0.14845011732784974, "learning_rate": 0.0002975306231995944}
{"phase": "TRAINING", "arm": "command_off", "epoch": 1, "epochs": 10, "epoch_cursor": 24000, "anchors_per_epoch": 36726, "optimizer_steps": 750, "elapsed_seconds": 410.54023789299936, "train_l1_m": 0.1449296282348395, "learning_rate": 0.00029716653936290446}
{"phase": "TRAINING", "arm": "command_off", "epoch": 1, "epochs": 10, "epoch_cursor": 25600, "anchors_per_epoch": 36726, "optimizer_steps": 800, "elapsed_seconds": 428.7697985249997, "train_l1_m": 0.14201594243114438, "learning_rate": 0.0002967777114798501}
{"phase": "TRAINING", "arm": "command_off", "epoch": 1, "epochs": 10, "epoch_cursor": 27200, "anchors_per_epoch": 36726, "optimizer_steps": 850, "elapsed_seconds": 446.7569061619997, "train_l1_m": 0.13779471932617482, "learning_rate": 0.0002963642123462774}
{"phase": "TRAINING", "arm": "command_off", "epoch": 1, "epochs": 10, "epoch_cursor": 28800, "anchors_per_epoch": 36726, "optimizer_steps": 900, "elapsed_seconds": 465.38688560799983, "train_l1_m": 0.1347801992532041, "learning_rate": 0.0002959261193769527}
{"phase": "TRAINING", "arm": "command_off", "epoch": 1, "epochs": 10, "epoch_cursor": 30400, "anchors_per_epoch": 36726, "optimizer_steps": 950, "elapsed_seconds": 483.9929706789999, "train_l1_m": 0.1325739925319582, "learning_rate": 0.00029546351459106826}
{"phase": "TRAINING", "arm": "command_off", "epoch": 1, "epochs": 10, "epoch_cursor": 32000, "anchors_per_epoch": 36726, "optimizer_steps": 1000, "elapsed_seconds": 502.0409801649994, "train_l1_m": 0.12953659336062243, "learning_rate": 0.0002949764845968855}
{"phase": "TRAINING", "arm": "command_off", "epoch": 1, "epochs": 10, "epoch_cursor": 33600, "anchors_per_epoch": 36726, "optimizer_steps": 1050, "elapsed_seconds": 520.0314476980002, "train_l1_m": 0.12683567500616166, "learning_rate": 0.0002944651205755224}
{"phase": "TRAINING", "arm": "command_off", "epoch": 1, "epochs": 10, "epoch_cursor": 35200, "anchors_per_epoch": 36726, "optimizer_steps": 1100, "elapsed_seconds": 538.0220388500002, "train_l1_m": 0.1243925038573453, "learning_rate": 0.0002939295182638812}
{"phase": "VALIDATING", "arm": "command_off", "epoch": 1, "epochs": 10, "epoch_cursor": 36726, "anchors_per_epoch": 36726, "optimizer_steps": 1148, "elapsed_seconds": 560.5098607239997, "train_l1_m": 0.12248166151917898}
{"phase": "EPOCH_COMPLETE", "arm": "command_off", "epoch": 1, "epochs": 10, "epoch_cursor": 0, "anchors_per_epoch": 36726, "optimizer_steps": 1148, "elapsed_seconds": 679.9159556449995, "train_l1_m": 0.12248166151917898, "train_counts": {"visited": 36726, "input_invalid": 158, "teacher_unsupported": 1208, "supported": 35360, "loss_sum_m": 4330.951551318169}, "validation_run_macro_3s_m": 0.2834159545600414, "validation_ade_m": 0.12491052597761154, "epoch_order_sha256": "794b553a74973965a22a120fe439bfad6fdcc5fc914ed7952ff45b67e4267c87", "best_epoch": 1}
{"phase": "TRAINING", "arm": "command_off", "epoch": 2, "epochs": 10, "epoch_cursor": 0, "anchors_per_epoch": 36726, "optimizer_steps": 1148, "elapsed_seconds": 679.9225504440001}
{"phase": "TRAINING", "arm": "command_off", "epoch": 2, "epochs": 10, "epoch_cursor": 1600, "anchors_per_epoch": 36726, "optimizer_steps": 1198, "elapsed_seconds": 716.3209726649993, "train_l1_m": 0.0737863256943755, "learning_rate": 0.0002928098154113733}
{"phase": "TRAINING", "arm": "command_off", "epoch": 2, "epochs": 10, "epoch_cursor": 3200, "anchors_per_epoch": 36726, "optimizer_steps": 1248, "elapsed_seconds": 734.4013479340001, "train_l1_m": 0.07169664729033569, "learning_rate": 0.00029220307273665654}
{"phase": "TRAINING", "arm": "command_off", "epoch": 2, "epochs": 10, "epoch_cursor": 4800, "anchors_per_epoch": 36726, "optimizer_steps": 1298, "elapsed_seconds": 752.4600903370001, "train_l1_m": 0.0700827244305559, "learning_rate": 0.00029157251526929417}
{"phase": "TRAINING", "arm": "command_off", "epoch": 2, "epochs": 10, "epoch_cursor": 6400, "anchors_per_epoch": 36726, "optimizer_steps": 1348, "elapsed_seconds": 770.3543315569996, "train_l1_m": 0.06856543681073025, "learning_rate": 0.00029091826106142924}
{"phase": "TRAINING", "arm": "command_off", "epoch": 2, "epochs": 10, "epoch_cursor": 8000, "anchors_per_epoch": 36726, "optimizer_steps": 1398, "elapsed_seconds": 788.4861932140002, "train_l1_m": 0.06687604712534162, "learning_rate": 0.0002902404326016783}
{"phase": "TRAINING", "arm": "command_off", "epoch": 2, "epochs": 10, "epoch_cursor": 9600, "anchors_per_epoch": 36726, "optimizer_steps": 1448, "elapsed_seconds": 806.542674669, "train_l1_m": 0.06687869342592165, "learning_rate": 0.00028953915679219794}
{"phase": "TRAINING", "arm": "command_off", "epoch": 2, "epochs": 10, "epoch_cursor": 11200, "anchors_per_epoch": 36726, "optimizer_steps": 1498, "elapsed_seconds": 824.2817410070002, "train_l1_m": 0.0676766903205432, "learning_rate": 0.0002888145649249255}
{"phase": "TRAINING", "arm": "command_off", "epoch": 2, "epochs": 10, "epoch_cursor": 12800, "anchors_per_epoch": 36726, "optimizer_steps": 1548, "elapsed_seconds": 842.397458591, "train_l1_m": 0.06787578474690913, "learning_rate": 0.00028806679265700136}
{"phase": "TRAINING", "arm": "command_off", "epoch": 2, "epochs": 10, "epoch_cursor": 14400, "anchors_per_epoch": 36726, "optimizer_steps": 1598, "elapsed_seconds": 860.452771579, "train_l1_m": 0.06849103096203926, "learning_rate": 0.0002872959799853703}
{"phase": "TRAINING", "arm": "command_off", "epoch": 2, "epochs": 10, "epoch_cursor": 16000, "anchors_per_epoch": 36726, "optimizer_steps": 1648, "elapsed_seconds": 878.5202937289996, "train_l1_m": 0.06746640409299029, "learning_rate": 0.00028650227122057107}
{"phase": "TRAINING", "arm": "command_off", "epoch": 2, "epochs": 10, "epoch_cursor": 17600, "anchors_per_epoch": 36726, "optimizer_steps": 1698, "elapsed_seconds": 896.7915370689998, "train_l1_m": 0.06657623236820608, "learning_rate": 0.0002856858149597187}
{"phase": "TRAINING", "arm": "command_off", "epoch": 2, "epochs": 10, "epoch_cursor": 19200, "anchors_per_epoch": 36726, "optimizer_steps": 1748, "elapsed_seconds": 914.9049391580002, "train_l1_m": 0.06650550011000078, "learning_rate": 0.00028484676405868465}
{"phase": "TRAINING", "arm": "command_off", "epoch": 2, "epochs": 10, "epoch_cursor": 20800, "anchors_per_epoch": 36726, "optimizer_steps": 1798, "elapsed_seconds": 936.0296799910002, "train_l1_m": 0.06571788692207256, "learning_rate": 0.00028398527560347965}
{"phase": "TRAINING", "arm": "command_off", "epoch": 2, "epochs": 10, "epoch_cursor": 22400, "anchors_per_epoch": 36726, "optimizer_steps": 1848, "elapsed_seconds": 956.3568459130001, "train_l1_m": 0.06552786896836046, "learning_rate": 0.0002831015108808433}
{"phase": "TRAINING", "arm": "command_off", "epoch": 2, "epochs": 10, "epoch_cursor": 24000, "anchors_per_epoch": 36726, "optimizer_steps": 1898, "elapsed_seconds": 975.1215453369996, "train_l1_m": 0.0651793484669219, "learning_rate": 0.0002821956353480495}
{"phase": "TRAINING", "arm": "command_off", "epoch": 2, "epochs": 10, "epoch_cursor": 25600, "anchors_per_epoch": 36726, "optimizer_steps": 1948, "elapsed_seconds": 993.7935536609994, "train_l1_m": 0.06522387354998373, "learning_rate": 0.00028126781860192916}
{"phase": "TRAINING", "arm": "command_off", "epoch": 2, "epochs": 10, "epoch_cursor": 27200, "anchors_per_epoch": 36726, "optimizer_steps": 1998, "elapsed_seconds": 1011.599648759, "train_l1_m": 0.06491981290143346, "learning_rate": 0.00028031823434711766}
{"phase": "TRAINING", "arm": "command_off", "epoch": 2, "epochs": 10, "epoch_cursor": 28800, "anchors_per_epoch": 36726, "optimizer_steps": 2048, "elapsed_seconds": 1029.4713918359994, "train_l1_m": 0.06422263552665264, "learning_rate": 0.000279347060363536}
{"phase": "TRAINING", "arm": "command_off", "epoch": 2, "epochs": 10, "epoch_cursor": 30400, "anchors_per_epoch": 36726, "optimizer_steps": 2098, "elapsed_seconds": 1047.3692005149996, "train_l1_m": 0.06371529116337603, "learning_rate": 0.000278354478473104}
{"phase": "TRAINING", "arm": "command_off", "epoch": 2, "epochs": 10, "epoch_cursor": 32000, "anchors_per_epoch": 36726, "optimizer_steps": 2148, "elapsed_seconds": 1065.1455503959996, "train_l1_m": 0.06342688102846283, "learning_rate": 0.00027734067450570405}
{"phase": "TRAINING", "arm": "command_off", "epoch": 2, "epochs": 10, "epoch_cursor": 33600, "anchors_per_epoch": 36726, "optimizer_steps": 2198, "elapsed_seconds": 1083.3434605319999, "train_l1_m": 0.06328997932777523, "learning_rate": 0.0002763058382643863}
{"phase": "TRAINING", "arm": "command_off", "epoch": 2, "epochs": 10, "epoch_cursor": 35200, "anchors_per_epoch": 36726, "optimizer_steps": 2248, "elapsed_seconds": 1101.1405649029994, "train_l1_m": 0.06289381984167111, "learning_rate": 0.00027525016348983646}
{"phase": "VALIDATING", "arm": "command_off", "epoch": 2, "epochs": 10, "epoch_cursor": 36726, "anchors_per_epoch": 36726, "optimizer_steps": 2296, "elapsed_seconds": 1124.56195896, "train_l1_m": 0.062390337891168726}
{"phase": "EPOCH_COMPLETE", "arm": "command_off", "epoch": 2, "epochs": 10, "epoch_cursor": 0, "anchors_per_epoch": 36726, "optimizer_steps": 2296, "elapsed_seconds": 1248.536969158, "train_l1_m": 0.062390337891168726, "train_counts": {"visited": 36726, "input_invalid": 158, "teacher_unsupported": 1208, "supported": 35360, "loss_sum_m": 2206.122347831726}, "validation_run_macro_3s_m": 0.14945276267826557, "validation_ade_m": 0.0554913766682148, "epoch_order_sha256": "ca38dd26f91301909a7049a791eff4e1f38c6fc0de7dddedaec59719ee77adb0", "best_epoch": 2}
{"phase": "TRAINING", "arm": "command_off", "epoch": 3, "epochs": 10, "epoch_cursor": 0, "anchors_per_epoch": 36726, "optimizer_steps": 2296, "elapsed_seconds": 1248.551274857}
{"phase": "TRAINING", "arm": "command_off", "epoch": 3, "epochs": 10, "epoch_cursor": 1600, "anchors_per_epoch": 36726, "optimizer_steps": 2346, "elapsed_seconds": 1285.2423189439996, "train_l1_m": 0.04584180716954602, "learning_rate": 0.00027312135284850956}
{"phase": "TRAINING", "arm": "command_off", "epoch": 3, "epochs": 10, "epoch_cursor": 3200, "anchors_per_epoch": 36726, "optimizer_steps": 2396, "elapsed_seconds": 1303.0615613929995, "train_l1_m": 0.04509225861205683, "learning_rate": 0.00027200516911829757}
{"phase": "TRAINING", "arm": "command_off", "epoch": 3, "epochs": 10, "epoch_cursor": 4800, "anchors_per_epoch": 36726, "optimizer_steps": 2446, "elapsed_seconds": 1321.0919210829998, "train_l1_m": 0.046210735030423916, "learning_rate": 0.0002708689520204971}
{"phase": "TRAINING", "arm": "command_off", "epoch": 3, "epochs": 10, "epoch_cursor": 6400, "anchors_per_epoch": 36726, "optimizer_steps": 2496, "elapsed_seconds": 1339.02516587, "train_l1_m": 0.0466924278466645, "learning_rate": 0.0002697129142761847}
{"phase": "TRAINING", "arm": "command_off", "epoch": 3, "epochs": 10, "epoch_cursor": 8000, "anchors_per_epoch": 36726, "optimizer_steps": 2546, "elapsed_seconds": 1357.3174564969995, "train_l1_m": 0.04814712804866422, "learning_rate": 0.00026853727231723295}
{"phase": "TRAINING", "arm": "command_off", "epoch": 3, "epochs": 10, "epoch_cursor": 9600, "anchors_per_epoch": 36726, "optimizer_steps": 2596, "elapsed_seconds": 1375.1338749819997, "train_l1_m": 0.0473485598567242, "learning_rate": 0.0002673422462457889}
{"phase": "TRAINING", "arm": "command_off", "epoch": 3, "epochs": 10, "epoch_cursor": 11200, "anchors_per_epoch": 36726, "optimizer_steps": 2646, "elapsed_seconds": 1393.4509821989996, "train_l1_m": 0.04744051071082465, "learning_rate": 0.00026612805979306836}
{"phase": "TRAINING", "arm": "command_off", "epoch": 3, "epochs": 10, "epoch_cursor": 12800, "anchors_per_epoch": 36726, "optimizer_steps": 2696, "elapsed_seconds": 1411.4680255409994, "train_l1_m": 0.047616107074179105, "learning_rate": 0.0002648949402774685}
{"phase": "TRAINING", "arm": "command_off", "epoch": 3, "epochs": 10, "epoch_cursor": 14400, "anchors_per_epoch": 36726, "optimizer_steps": 2746, "elapsed_seconds": 1429.7324136399993, "train_l1_m": 0.04754974293361723, "learning_rate": 0.0002636431185620093}
{"phase": "TRAINING", "arm": "command_off", "epoch": 3, "epochs": 10, "epoch_cursor": 16000, "anchors_per_epoch": 36726, "optimizer_steps": 2796, "elapsed_seconds": 1448.564786604, "train_l1_m": 0.04750456952841439, "learning_rate": 0.00026237282901111277}
{"phase": "TRAINING", "arm": "command_off", "epoch": 3, "epochs": 10, "epoch_cursor": 17600, "anchors_per_epoch": 36726, "optimizer_steps": 2846, "elapsed_seconds": 1468.0777167790002, "train_l1_m": 0.04724812826726389, "learning_rate": 0.0002610843094467245}
{"phase": "TRAINING", "arm": "command_off", "epoch": 3, "epochs": 10, "epoch_cursor": 19200, "anchors_per_epoch": 36726, "optimizer_steps": 2896, "elapsed_seconds": 1486.245871086, "train_l1_m": 0.04813889796756553, "learning_rate": 0.00025977780110378963}
{"phase": "TRAINING", "arm": "command_off", "epoch": 3, "epochs": 10, "epoch_cursor": 20800, "anchors_per_epoch": 36726, "optimizer_steps": 2946, "elapsed_seconds": 1504.1550654149996, "train_l1_m": 0.048618177198014166, "learning_rate": 0.0002584535485850885}
{"phase": "TRAINING", "arm": "command_off", "epoch": 3, "epochs": 10, "epoch_cursor": 22400, "anchors_per_epoch": 36726, "optimizer_steps": 2996, "elapsed_seconds": 1522.3054323269998, "train_l1_m": 0.048204759312710704, "learning_rate": 0.000257111799815443}
{"phase": "TRAINING", "arm": "command_off", "epoch": 3, "epochs": 10, "epoch_cursor": 24000, "anchors_per_epoch": 36726, "optimizer_steps": 3046, "elapsed_seconds": 1540.47214695, "train_l1_m": 0.04799979092713033, "learning_rate": 0.00025575280599530006}
{"phase": "TRAINING", "arm": "command_off", "epoch": 3, "epochs": 10, "epoch_cursor": 25600, "anchors_per_epoch": 36726, "optimizer_steps": 3096, "elapsed_seconds": 1558.6110244229994, "train_l1_m": 0.047695090018956374, "learning_rate": 0.0002543768215537023}
{"phase": "TRAINING", "arm": "command_off", "epoch": 3, "epochs": 10, "epoch_cursor": 27200, "anchors_per_epoch": 36726, "optimizer_steps": 3146, "elapsed_seconds": 1576.2115820640001, "train_l1_m": 0.04786824274165131, "learning_rate": 0.00025298410410065436}
{"phase": "TRAINING", "arm": "command_off", "epoch": 3, "epochs": 10, "epoch_cursor": 28800, "anchors_per_epoch": 36726, "optimizer_steps": 3196, "elapsed_seconds": 1593.8972004440002, "train_l1_m": 0.04801916273699274, "learning_rate": 0.00025157491437889374}
{"phase": "TRAINING", "arm": "command_off", "epoch": 3, "epochs": 10, "epoch_cursor": 30400, "anchors_per_epoch": 36726, "optimizer_steps": 3246, "elapsed_seconds": 1611.4102925429997, "train_l1_m": 0.0478798442857588, "learning_rate": 0.00025014951621507385}
{"phase": "TRAINING", "arm": "command_off", "epoch": 3, "epochs": 10, "epoch_cursor": 32000, "anchors_per_epoch": 36726, "optimizer_steps": 3296, "elapsed_seconds": 1629.0618710519993, "train_l1_m": 0.047487874439547904, "learning_rate": 0.00024870817647037156}
{"phase": "TRAINING", "arm": "command_off", "epoch": 3, "epochs": 10, "epoch_cursor": 33600, "anchors_per_epoch": 36726, "optimizer_steps": 3346, "elapsed_seconds": 1646.2192783809996, "train_l1_m": 0.0475925990262899, "learning_rate": 0.0002472511649905261}
{"phase": "TRAINING", "arm": "command_off", "epoch": 3, "epochs": 10, "epoch_cursor": 35200, "anchors_per_epoch": 36726, "optimizer_steps": 3396, "elapsed_seconds": 1663.7465482589996, "train_l1_m": 0.04734418880087512, "learning_rate": 0.0002457787545553181}
{"phase": "VALIDATING", "arm": "command_off", "epoch": 3, "epochs": 10, "epoch_cursor": 36726, "anchors_per_epoch": 36726, "optimizer_steps": 3444, "elapsed_seconds": 1685.2893083649997, "train_l1_m": 0.046839011669563495}
{"phase": "EPOCH_COMPLETE", "arm": "command_off", "epoch": 3, "epochs": 10, "epoch_cursor": 0, "anchors_per_epoch": 36726, "optimizer_steps": 3444, "elapsed_seconds": 1801.8543540719993, "train_l1_m": 0.046839011669563495, "train_counts": {"visited": 36726, "input_invalid": 158, "teacher_unsupported": 1208, "supported": 35360, "loss_sum_m": 1656.227452635765}, "validation_run_macro_3s_m": 0.16393136233091354, "validation_ade_m": 0.05652180314064026, "epoch_order_sha256": "26956f1babecf71badff1864de8f7f6ca423d4204824b90cb69b2b19b71080e4", "best_epoch": 2}
{"phase": "TRAINING", "arm": "command_off", "epoch": 4, "epochs": 10, "epoch_cursor": 0, "anchors_per_epoch": 36726, "optimizer_steps": 3444, "elapsed_seconds": 1801.8718060719993}
{"phase": "TRAINING", "arm": "command_off", "epoch": 4, "epochs": 10, "epoch_cursor": 1600, "anchors_per_epoch": 36726, "optimizer_steps": 3494, "elapsed_seconds": 1837.408986255, "train_l1_m": 0.04167075380202263, "learning_rate": 0.0002428492189430421}
{"phase": "TRAINING", "arm": "command_off", "epoch": 4, "epochs": 10, "epoch_cursor": 3200, "anchors_per_epoch": 36726, "optimizer_steps": 3544, "elapsed_seconds": 1855.084957346, "train_l1_m": 0.04114148482960745, "learning_rate": 0.0002413328539977592}
{"phase": "TRAINING", "arm": "command_off", "epoch": 4, "epochs": 10, "epoch_cursor": 4800, "anchors_per_epoch": 36726, "optimizer_steps": 3594, "elapsed_seconds": 1872.6292234510001, "train_l1_m": 0.04031512037123276, "learning_rate": 0.00023980219811554484}
{"phase": "TRAINING", "arm": "command_off", "epoch": 4, "epochs": 10, "epoch_cursor": 6400, "anchors_per_epoch": 36726, "optimizer_steps": 3644, "elapsed_seconds": 1891.2189517979996, "train_l1_m": 0.039396310512179566, "learning_rate": 0.00023825753786378822}
{"phase": "TRAINING", "arm": "command_off", "epoch": 4, "epochs": 10, "epoch_cursor": 8000, "anchors_per_epoch": 36726, "optimizer_steps": 3694, "elapsed_seconds": 1909.2439702339998, "train_l1_m": 0.0397999217811351, "learning_rate": 0.00023669916243175809}
{"phase": "TRAINING", "arm": "command_off", "epoch": 4, "epochs": 10, "epoch_cursor": 9600, "anchors_per_epoch": 36726, "optimizer_steps": 3744, "elapsed_seconds": 1927.5416735029994, "train_l1_m": 0.0396447376637527, "learning_rate": 0.00023512736357646149}
{"phase": "TRAINING", "arm": "command_off", "epoch": 4, "epochs": 10, "epoch_cursor": 11200, "anchors_per_epoch": 36726, "optimizer_steps": 3794, "elapsed_seconds": 1946.08347804, "train_l1_m": 0.03933977689545614, "learning_rate": 0.00023354243556802094}
{"phase": "TRAINING", "arm": "command_off", "epoch": 4, "epochs": 10, "epoch_cursor": 12800, "anchors_per_epoch": 36726, "optimizer_steps": 3844, "elapsed_seconds": 1964.0570113630001, "train_l1_m": 0.039098603919179895, "learning_rate": 0.00023194467513458212}
{"phase": "TRAINING", "arm": "command_off", "epoch": 4, "epochs": 10, "epoch_cursor": 14400, "anchors_per_epoch": 36726, "optimizer_steps": 3894, "elapsed_seconds": 1982.152543409, "train_l1_m": 0.03922606535951798, "learning_rate": 0.0002303343814067605}
{"phase": "TRAINING", "arm": "command_off", "epoch": 4, "epochs": 10, "epoch_cursor": 16000, "anchors_per_epoch": 36726, "optimizer_steps": 3944, "elapsed_seconds": 2000.1975743829998, "train_l1_m": 0.03913467596877705, "learning_rate": 0.00022871185586163808}
{"phase": "TRAINING", "arm": "command_off", "epoch": 4, "epochs": 10, "epoch_cursor": 17600, "anchors_per_epoch": 36726, "optimizer_steps": 3994, "elapsed_seconds": 2017.7531401529995, "train_l1_m": 0.0389950435154976, "learning_rate": 0.00022707740226632212}
{"phase": "TRAINING", "arm": "command_off", "epoch": 4, "epochs": 10, "epoch_cursor": 19200, "anchors_per_epoch": 36726, "optimizer_steps": 4044, "elapsed_seconds": 2035.5131770429998, "train_l1_m": 0.03891990729029689, "learning_rate": 0.00022543132662107367}
{"phase": "TRAINING", "arm": "command_off", "epoch": 4, "epochs": 10, "epoch_cursor": 20800, "anchors_per_epoch": 36726, "optimizer_steps": 4094, "elapsed_seconds": 2053.3046396319996, "train_l1_m": 0.03913167628354406, "learning_rate": 0.00022377393710201854}
{"phase": "TRAINING", "arm": "command_off", "epoch": 4, "epochs": 10, "epoch_cursor": 22400, "anchors_per_epoch": 36726, "optimizer_steps": 4144, "elapsed_seconds": 2071.9974943509997, "train_l1_m": 0.03905336989431909, "learning_rate": 0.0002221055440034515}
{"phase": "TRAINING", "arm": "command_off", "epoch": 4, "epochs": 10, "epoch_cursor": 24000, "anchors_per_epoch": 36726, "optimizer_steps": 4194, "elapsed_seconds": 2090.4516791449996, "train_l1_m": 0.038829677795005804, "learning_rate": 0.00022042645967974283}
{"phase": "TRAINING", "arm": "command_off", "epoch": 4, "epochs": 10, "epoch_cursor": 25600, "anchors_per_epoch": 36726, "optimizer_steps": 4244, "elapsed_seconds": 2108.440328345, "train_l1_m": 0.03855116667903076, "learning_rate": 0.00021873699848686014}
{"phase": "TRAINING", "arm": "command_off", "epoch": 4, "epochs": 10, "epoch_cursor": 27200, "anchors_per_epoch": 36726, "optimizer_steps": 4294, "elapsed_seconds": 2126.937186925, "train_l1_m": 0.03849802288289075, "learning_rate": 0.0002170374767235147}
{"phase": "TRAINING", "arm": "command_off", "epoch": 4, "epochs": 10, "epoch_cursor": 28800, "anchors_per_epoch": 36726, "optimizer_steps": 4344, "elapsed_seconds": 2144.4904906009997, "train_l1_m": 0.0383869455503493, "learning_rate": 0.00021532821257194478}
{"phase": "TRAINING", "arm": "command_off", "epoch": 4, "epochs": 10, "epoch_cursor": 30400, "anchors_per_epoch": 36726, "optimizer_steps": 4394, "elapsed_seconds": 2162.6791329829994, "train_l1_m": 0.03824635295135377, "learning_rate": 0.00021360952603834574}
{"phase": "TRAINING", "arm": "command_off", "epoch": 4, "epochs": 10, "epoch_cursor": 32000, "anchors_per_epoch": 36726, "optimizer_steps": 4444, "elapsed_seconds": 2180.419461101, "train_l1_m": 0.03810179148050578, "learning_rate": 0.000211881738892959}
{"phase": "TRAINING", "arm": "command_off", "epoch": 4, "epochs": 10, "epoch_cursor": 33600, "anchors_per_epoch": 36726, "optimizer_steps": 4494, "elapsed_seconds": 2197.8718186899996, "train_l1_m": 0.037987757142428066, "learning_rate": 0.00021014517460983062}
{"phase": "TRAINING", "arm": "command_off", "epoch": 4, "epochs": 10, "epoch_cursor": 35200, "anchors_per_epoch": 36726, "optimizer_steps": 4544, "elapsed_seconds": 2215.710360774, "train_l1_m": 0.03789686694486675, "learning_rate": 0.0002084001583062509}
{"phase": "VALIDATING", "arm": "command_off", "epoch": 4, "epochs": 10, "epoch_cursor": 36726, "anchors_per_epoch": 36726, "optimizer_steps": 4592, "elapsed_seconds": 2237.761760296, "train_l1_m": 0.037739459298787074}
{"phase": "EPOCH_COMPLETE", "arm": "command_off", "epoch": 4, "epochs": 10, "epoch_cursor": 0, "anchors_per_epoch": 36726, "optimizer_steps": 4592, "elapsed_seconds": 2356.831061952, "train_l1_m": 0.037739459298787074, "train_counts": {"visited": 36726, "input_invalid": 158, "teacher_unsupported": 1208, "supported": 35360, "loss_sum_m": 1334.467280805111}, "validation_run_macro_3s_m": 0.10412401147186756, "validation_ade_m": 0.03802303969860077, "epoch_order_sha256": "f6a7ffda3713588f76084dd59b1a940c3a8aa52c7ab6378e285ac997aabf8355", "best_epoch": 4}
{"phase": "TRAINING", "arm": "command_off", "epoch": 5, "epochs": 10, "epoch_cursor": 0, "anchors_per_epoch": 36726, "optimizer_steps": 4592, "elapsed_seconds": 2356.8441302519996}
{"phase": "TRAINING", "arm": "command_off", "epoch": 5, "epochs": 10, "epoch_cursor": 1600, "anchors_per_epoch": 36726, "optimizer_steps": 4642, "elapsed_seconds": 2392.786033001, "train_l1_m": 0.03547275807093648, "learning_rate": 0.00020495666108003133}
{"phase": "TRAINING", "arm": "command_off", "epoch": 5, "epochs": 10, "epoch_cursor": 3200, "anchors_per_epoch": 36726, "optimizer_steps": 4692, "elapsed_seconds": 2410.3683351279997, "train_l1_m": 0.03605902086815429, "learning_rate": 0.00020318854728565766}
{"phase": "TRAINING", "arm": "command_off", "epoch": 5, "epochs": 10, "epoch_cursor": 4800, "anchors_per_epoch": 36726, "optimizer_steps": 4742, "elapsed_seconds": 2428.1331921049996, "train_l1_m": 0.03494022643658861, "learning_rate": 0.00020141328388148703}
{"phase": "TRAINING", "arm": "command_off", "epoch": 5, "epochs": 10, "epoch_cursor": 6400, "anchors_per_epoch": 36726, "optimizer_steps": 4792, "elapsed_seconds": 2446.454156723, "train_l1_m": 0.035057380979443775, "learning_rate": 0.00019963120323000861}
{"phase": "TRAINING", "arm": "command_off", "epoch": 5, "epochs": 10, "epoch_cursor": 8000, "anchors_per_epoch": 36726, "optimizer_steps": 4842, "elapsed_seconds": 2464.2526270239996, "train_l1_m": 0.03486945988467777, "learning_rate": 0.00019784263897002754}
{"phase": "TRAINING", "arm": "command_off", "epoch": 5, "epochs": 10, "epoch_cursor": 9600, "anchors_per_epoch": 36726, "optimizer_steps": 4892, "elapsed_seconds": 2482.0396883989997, "train_l1_m": 0.03377922182475333, "learning_rate": 0.0001960479259542014}
{"phase": "TRAINING", "arm": "command_off", "epoch": 5, "epochs": 10, "epoch_cursor": 11200, "anchors_per_epoch": 36726, "optimizer_steps": 4942, "elapsed_seconds": 2499.5820425209995, "train_l1_m": 0.03360793546721964, "learning_rate": 0.00019424740018635003}
{"phase": "TRAINING", "arm": "command_off", "epoch": 5, "epochs": 10, "epoch_cursor": 12800, "anchors_per_epoch": 36726, "optimizer_steps": 4992, "elapsed_seconds": 2517.6313037399996, "train_l1_m": 0.03353473150614866, "learning_rate": 0.00019244139875854906}
{"phase": "TRAINING", "arm": "command_off", "epoch": 5, "epochs": 10, "epoch_cursor": 14400, "anchors_per_epoch": 36726, "optimizer_steps": 5042, "elapsed_seconds": 2535.6412550289997, "train_l1_m": 0.033161072853747434, "learning_rate": 0.00019063025978802002}
{"phase": "TRAINING", "arm": "command_off", "epoch": 5, "epochs": 10, "epoch_cursor": 16000, "anchors_per_epoch": 36726, "optimizer_steps": 5092, "elapsed_seconds": 2553.4183481280006, "train_l1_m": 0.03285481745163925, "learning_rate": 0.0001888143223538284}
{"phase": "TRAINING", "arm": "command_off", "epoch": 5, "epochs": 10, "epoch_cursor": 17600, "anchors_per_epoch": 36726, "optimizer_steps": 5142, "elapsed_seconds": 2571.3314191639993, "train_l1_m": 0.032765401911619946, "learning_rate": 0.0001869939264334019}
{"phase": "TRAINING", "arm": "command_off", "epoch": 5, "epochs": 10, "epoch_cursor": 19200, "anchors_per_epoch": 36726, "optimizer_steps": 5192, "elapsed_seconds": 2589.615013296, "train_l1_m": 0.03279763205965872, "learning_rate": 0.00018516941283888003}
{"phase": "TRAINING", "arm": "command_off", "epoch": 5, "epochs": 10, "epoch_cursor": 20800, "anchors_per_epoch": 36726, "optimizer_steps": 5242, "elapsed_seconds": 2607.730387381999, "train_l1_m": 0.03273266791366507, "learning_rate": 0.0001833411231533077}
{"phase": "TRAINING", "arm": "command_off", "epoch": 5, "epochs": 10, "epoch_cursor": 22400, "anchors_per_epoch": 36726, "optimizer_steps": 5292, "elapsed_seconds": 2625.728933231, "train_l1_m": 0.032723528421952884, "learning_rate": 0.0001815093996666851}
{"phase": "TRAINING", "arm": "command_off", "epoch": 5, "epochs": 10, "epoch_cursor": 24000, "anchors_per_epoch": 36726, "optimizer_steps": 5342, "elapsed_seconds": 2643.535366674999, "train_l1_m": 0.03261296972203045, "learning_rate": 0.00017967458531188373}
{"phase": "TRAINING", "arm": "command_off", "epoch": 5, "epochs": 10, "epoch_cursor": 25600, "anchors_per_epoch": 36726, "optimizer_steps": 5392, "elapsed_seconds": 2662.5241240330006, "train_l1_m": 0.03237934111750195, "learning_rate": 0.00017783702360044375}
{"phase": "TRAINING", "arm": "command_off", "epoch": 5, "epochs": 10, "epoch_cursor": 27200, "anchors_per_epoch": 36726, "optimizer_steps": 5442, "elapsed_seconds": 2680.1363704429996, "train_l1_m": 0.03209016343289546, "learning_rate": 0.00017599705855826127}
{"phase": "TRAINING", "arm": "command_off", "epoch": 5, "epochs": 10, "epoch_cursor": 28800, "anchors_per_epoch": 36726, "optimizer_steps": 5492, "elapsed_seconds": 2697.598414527999, "train_l1_m": 0.03185560225653243, "learning_rate": 0.0001741550346611816}
{"phase": "TRAINING", "arm": "command_off", "epoch": 5, "epochs": 10, "epoch_cursor": 30400, "anchors_per_epoch": 36726, "optimizer_steps": 5542, "elapsed_seconds": 2715.9337538970003, "train_l1_m": 0.031535217780737645, "learning_rate": 0.00017231129677050528}
{"phase": "TRAINING", "arm": "command_off", "epoch": 5, "epochs": 10, "epoch_cursor": 32000, "anchors_per_epoch": 36726, "optimizer_steps": 5592, "elapsed_seconds": 2734.550909462, "train_l1_m": 0.031440849836933626, "learning_rate": 0.00017046619006842533}
{"phase": "TRAINING", "arm": "command_off", "epoch": 5, "epochs": 10, "epoch_cursor": 33600, "anchors_per_epoch": 36726, "optimizer_steps": 5642, "elapsed_seconds": 2752.8232589770005, "train_l1_m": 0.03128793386652196, "learning_rate": 0.0001686200599934013}
{"phase": "TRAINING", "arm": "command_off", "epoch": 5, "epochs": 10, "epoch_cursor": 35200, "anchors_per_epoch": 36726, "optimizer_steps": 5692, "elapsed_seconds": 2771.11169162, "train_l1_m": 0.031148598359115313, "learning_rate": 0.0001667732521754876}
{"phase": "VALIDATING", "arm": "command_off", "epoch": 5, "epochs": 10, "epoch_cursor": 36726, "anchors_per_epoch": 36726, "optimizer_steps": 5740, "elapsed_seconds": 2798.0852062139993, "train_l1_m": 0.03090828668444135}
{"phase": "EPOCH_COMPLETE", "arm": "command_off", "epoch": 5, "epochs": 10, "epoch_cursor": 0, "anchors_per_epoch": 36726, "optimizer_steps": 5740, "elapsed_seconds": 2935.6265273239997, "train_l1_m": 0.03090828668444135, "train_counts": {"visited": 36726, "input_invalid": 158, "teacher_unsupported": 1208, "supported": 35360, "loss_sum_m": 1092.9170171618462}, "validation_run_macro_3s_m": 0.10599550046026707, "validation_ade_m": 0.03252451866865158, "epoch_order_sha256": "8b166052ff8a279d1dc62cc9466356da19507ac4bcb8f62b66e41b433f689458", "best_epoch": 4}
{"phase": "TRAINING", "arm": "command_off", "epoch": 6, "epochs": 10, "epoch_cursor": 0, "anchors_per_epoch": 36726, "optimizer_steps": 5740, "elapsed_seconds": 2935.655149919}
{"phase": "TRAINING", "arm": "command_off", "epoch": 6, "epochs": 10, "epoch_cursor": 1600, "anchors_per_epoch": 36726, "optimizer_steps": 5790, "elapsed_seconds": 2979.1245681110004, "train_l1_m": 0.027372902093420096, "learning_rate": 0.00016315286683608285}
{"phase": "TRAINING", "arm": "command_off", "epoch": 6, "epochs": 10, "epoch_cursor": 3200, "anchors_per_epoch": 36726, "optimizer_steps": 5840, "elapsed_seconds": 2999.671689173999, "train_l1_m": 0.02774858116600257, "learning_rate": 0.00016130607948998486}
{"phase": "TRAINING", "arm": "command_off", "epoch": 6, "epochs": 10, "epoch_cursor": 4800, "anchors_per_epoch": 36726, "optimizer_steps": 5890, "elapsed_seconds": 3018.909253826, "train_l1_m": 0.027080453397338777, "learning_rate": 0.00015945998371484575}
{"phase": "TRAINING", "arm": "command_off", "epoch": 6, "epochs": 10, "epoch_cursor": 6400, "anchors_per_epoch": 36726, "optimizer_steps": 5940, "elapsed_seconds": 3037.0737624969997, "train_l1_m": 0.026721341943554973, "learning_rate": 0.00015761492513429826}
{"phase": "TRAINING", "arm": "command_off", "epoch": 6, "epochs": 10, "epoch_cursor": 8000, "anchors_per_epoch": 36726, "optimizer_steps": 5990, "elapsed_seconds": 3055.1334227140005, "train_l1_m": 0.026580589288147195, "learning_rate": 0.0001557712491777929}
{"phase": "TRAINING", "arm": "command_off", "epoch": 6, "epochs": 10, "epoch_cursor": 9600, "anchors_per_epoch": 36726, "optimizer_steps": 6040, "elapsed_seconds": 3073.5258745700003, "train_l1_m": 0.026315519250166456, "learning_rate": 0.00015392930101592716}
{"phase": "TRAINING", "arm": "command_off", "epoch": 6, "epochs": 10, "epoch_cursor": 11200, "anchors_per_epoch": 36726, "optimizer_steps": 6090, "elapsed_seconds": 3092.738245043999, "train_l1_m": 0.026277866058558527, "learning_rate": 0.00015208942549582282}
{"phase": "TRAINING", "arm": "command_off", "epoch": 6, "epochs": 10, "epoch_cursor": 12800, "anchors_per_epoch": 36726, "optimizer_steps": 6140, "elapsed_seconds": 3110.6327551210006, "train_l1_m": 0.02600637202723834, "learning_rate": 0.00015025196707656472}
{"phase": "TRAINING", "arm": "command_off", "epoch": 6, "epochs": 10, "epoch_cursor": 14400, "anchors_per_epoch": 36726, "optimizer_steps": 6190, "elapsed_seconds": 3128.5981879750007, "train_l1_m": 0.025921175640521883, "learning_rate": 0.00014841726976471106}
{"phase": "TRAINING", "arm": "command_off", "epoch": 6, "epochs": 10, "epoch_cursor": 16000, "anchors_per_epoch": 36726, "optimizer_steps": 6240, "elapsed_seconds": 3146.686915739, "train_l1_m": 0.02555645641994743, "learning_rate": 0.00014658567704988905}
{"phase": "TRAINING", "arm": "command_off", "epoch": 6, "epochs": 10, "epoch_cursor": 17600, "anchors_per_epoch": 36726, "optimizer_steps": 6290, "elapsed_seconds": 3164.586512335999, "train_l1_m": 0.025404521126402707, "learning_rate": 0.00014475753184048758}
{"phase": "TRAINING", "arm": "command_off", "epoch": 6, "epochs": 10, "epoch_cursor": 19200, "anchors_per_epoch": 36726, "optimizer_steps": 6340, "elapsed_seconds": 3183.2771995619996, "train_l1_m": 0.02524387894588267, "learning_rate": 0.00014293317639945798}
{"phase": "TRAINING", "arm": "command_off", "epoch": 6, "epochs": 10, "epoch_cursor": 20800, "anchors_per_epoch": 36726, "optimizer_steps": 6390, "elapsed_seconds": 3206.9734760849997, "train_l1_m": 0.025315786202192138, "learning_rate": 0.00014111295228023577}
{"phase": "TRAINING", "arm": "command_off", "epoch": 6, "epochs": 10, "epoch_cursor": 22400, "anchors_per_epoch": 36726, "optimizer_steps": 6440, "elapsed_seconds": 3228.361546212999, "train_l1_m": 0.0253613367545307, "learning_rate": 0.00013929720026279626}
{"phase": "TRAINING", "arm": "command_off", "epoch": 6, "epochs": 10, "epoch_cursor": 24000, "anchors_per_epoch": 36726, "optimizer_steps": 6490, "elapsed_seconds": 3247.795737104, "train_l1_m": 0.025387107804446654, "learning_rate": 0.00013748626028985348}
{"phase": "TRAINING", "arm": "command_off", "epoch": 6, "epochs": 10, "epoch_cursor": 25600, "anchors_per_epoch": 36726, "optimizer_steps": 6540, "elapsed_seconds": 3268.6368776259997, "train_l1_m": 0.025475067195493518, "learning_rate": 0.00013568047140321697}
{"phase": "TRAINING", "arm": "command_off", "epoch": 6, "epochs": 10, "epoch_cursor": 27200, "anchors_per_epoch": 36726, "optimizer_steps": 6590, "elapsed_seconds": 3287.939845738999, "train_l1_m": 0.0253090371095545, "learning_rate": 0.00013388017168031668}
{"phase": "TRAINING", "arm": "command_off", "epoch": 6, "epochs": 10, "epoch_cursor": 28800, "anchors_per_epoch": 36726, "optimizer_steps": 6640, "elapsed_seconds": 3305.891191099, "train_l1_m": 0.025106975637099804, "learning_rate": 0.00013208569817090807}
{"phase": "TRAINING", "arm": "command_off", "epoch": 6, "epochs": 10, "epoch_cursor": 30400, "anchors_per_epoch": 36726, "optimizer_steps": 6690, "elapsed_seconds": 3323.3943150040004, "train_l1_m": 0.02504286094059455, "learning_rate": 0.0001302973868339712}
{"phase": "TRAINING", "arm": "command_off", "epoch": 6, "epochs": 10, "epoch_cursor": 32000, "anchors_per_epoch": 36726, "optimizer_steps": 6740, "elapsed_seconds": 3341.133641325, "train_l1_m": 0.024863348014361283, "learning_rate": 0.00012851557247481178}
{"phase": "TRAINING", "arm": "command_off", "epoch": 6, "epochs": 10, "epoch_cursor": 33600, "anchors_per_epoch": 36726, "optimizer_steps": 6790, "elapsed_seconds": 3358.863516863, "train_l1_m": 0.02466421518696458, "learning_rate": 0.00012674058868238}
{"phase": "TRAINING", "arm": "command_off", "epoch": 6, "epochs": 10, "epoch_cursor": 35200, "anchors_per_epoch": 36726, "optimizer_steps": 6840, "elapsed_seconds": 3376.5381382900005, "train_l1_m": 0.024606484656826078, "learning_rate": 0.0001249727677668163}
{"phase": "VALIDATING", "arm": "command_off", "epoch": 6, "epochs": 10, "epoch_cursor": 36726, "anchors_per_epoch": 36726, "optimizer_steps": 6888, "elapsed_seconds": 3404.8354647059996, "train_l1_m": 0.024594636596907856}
{"phase": "EPOCH_COMPLETE", "arm": "command_off", "epoch": 6, "epochs": 10, "epoch_cursor": 0, "anchors_per_epoch": 36726, "optimizer_steps": 6888, "elapsed_seconds": 3524.716313455, "train_l1_m": 0.024594636596907856, "train_counts": {"visited": 36726, "input_invalid": 158, "teacher_unsupported": 1208, "supported": 35360, "loss_sum_m": 869.6663500666618}, "validation_run_macro_3s_m": 0.09147707931697369, "validation_ade_m": 0.030621744692325592, "epoch_order_sha256": "fb344e2f115a25a5295df90030948822b79667e93595fb877de76b4624e90002", "best_epoch": 6}
{"phase": "TRAINING", "arm": "command_off", "epoch": 7, "epochs": 10, "epoch_cursor": 0, "anchors_per_epoch": 36726, "optimizer_steps": 6888, "elapsed_seconds": 3524.7274807549993}
{"phase": "TRAINING", "arm": "command_off", "epoch": 7, "epochs": 10, "epoch_cursor": 1600, "anchors_per_epoch": 36726, "optimizer_steps": 6938, "elapsed_seconds": 3561.4871552100003, "train_l1_m": 0.02154893003588705, "learning_rate": 0.00012152988285595527}
{"phase": "TRAINING", "arm": "command_off", "epoch": 7, "epochs": 10, "epoch_cursor": 3200, "anchors_per_epoch": 36726, "optimizer_steps": 6988, "elapsed_seconds": 3579.395790366999, "train_l1_m": 0.022951422591545693, "learning_rate": 0.00011978519837089297}
{"phase": "TRAINING", "arm": "command_off", "epoch": 7, "epochs": 10, "epoch_cursor": 4800, "anchors_per_epoch": 36726, "optimizer_steps": 7038, "elapsed_seconds": 3598.060095881, "train_l1_m": 0.02251922367919106, "learning_rate": 0.00011804897894176158}
{"phase": "TRAINING", "arm": "command_off", "epoch": 7, "epochs": 10, "epoch_cursor": 6400, "anchors_per_epoch": 36726, "optimizer_steps": 7088, "elapsed_seconds": 3616.0734247869996, "train_l1_m": 0.022069900056765273, "learning_rate": 0.00011632154962128822}
{"phase": "TRAINING", "arm": "command_off", "epoch": 7, "epochs": 10, "epoch_cursor": 8000, "anchors_per_epoch": 36726, "optimizer_steps": 7138, "elapsed_seconds": 3634.0870995739997, "train_l1_m": 0.02221182735804316, "learning_rate": 0.00011460323381652718}
{"phase": "TRAINING", "arm": "command_off", "epoch": 7, "epochs": 10, "epoch_cursor": 9600, "anchors_per_epoch": 36726, "optimizer_steps": 7188, "elapsed_seconds": 3652.6233535799993, "train_l1_m": 0.021935370854138426, "learning_rate": 0.00011289435322831265}
{"phase": "TRAINING", "arm": "command_off", "epoch": 7, "epochs": 10, "epoch_cursor": 11200, "anchors_per_epoch": 36726, "optimizer_steps": 7238, "elapsed_seconds": 3670.7939213809996, "train_l1_m": 0.022052487308389063, "learning_rate": 0.00011119522779102965}
{"phase": "TRAINING", "arm": "command_off", "epoch": 7, "epochs": 10, "epoch_cursor": 12800, "anchors_per_epoch": 36726, "optimizer_steps": 7288, "elapsed_seconds": 3688.631259573999, "train_l1_m": 0.021873619610063934, "learning_rate": 0.0001095061756127169}
{"phase": "TRAINING", "arm": "command_off", "epoch": 7, "epochs": 10, "epoch_cursor": 14400, "anchors_per_epoch": 36726, "optimizer_steps": 7338, "elapsed_seconds": 3706.043419020999, "train_l1_m": 0.021939764533233506, "learning_rate": 0.00010782751291551046}
{"phase": "TRAINING", "arm": "command_off", "epoch": 7, "epochs": 10, "epoch_cursor": 16000, "anchors_per_epoch": 36726, "optimizer_steps": 7388, "elapsed_seconds": 3723.330129429999, "train_l1_m": 0.021928533123871972, "learning_rate": 0.00010615955397644165}
{"phase": "TRAINING", "arm": "command_off", "epoch": 7, "epochs": 10, "epoch_cursor": 17600, "anchors_per_epoch": 36726, "optimizer_steps": 7438, "elapsed_seconds": 3740.6820749999997, "train_l1_m": 0.02184226034483351, "learning_rate": 0.00010450261106859804}
{"phase": "TRAINING", "arm": "command_off", "epoch": 7, "epochs": 10, "epoch_cursor": 19200, "anchors_per_epoch": 36726, "optimizer_steps": 7488, "elapsed_seconds": 3758.5472411439996, "train_l1_m": 0.021669060330444332, "learning_rate": 0.00010285699440266009}
{"phase": "TRAINING", "arm": "command_off", "epoch": 7, "epochs": 10, "epoch_cursor": 20800, "anchors_per_epoch": 36726, "optimizer_steps": 7538, "elapsed_seconds": 3776.581870588, "train_l1_m": 0.021631201362636042, "learning_rate": 0.00010122301206882446}
{"phase": "TRAINING", "arm": "command_off", "epoch": 7, "epochs": 10, "epoch_cursor": 22400, "anchors_per_epoch": 36726, "optimizer_steps": 7588, "elapsed_seconds": 3794.5604972030005, "train_l1_m": 0.02164187283704853, "learning_rate": 9.960096997912311e-05}
{"phase": "TRAINING", "arm": "command_off", "epoch": 7, "epochs": 10, "epoch_cursor": 24000, "anchors_per_epoch": 36726, "optimizer_steps": 7638, "elapsed_seconds": 3812.5791793729995, "train_l1_m": 0.021657979275637212, "learning_rate": 9.799117181015134e-05}
{"phase": "TRAINING", "arm": "command_off", "epoch": 7, "epochs": 10, "epoch_cursor": 25600, "anchors_per_epoch": 36726, "optimizer_steps": 7688, "elapsed_seconds": 3830.6772598029993, "train_l1_m": 0.021549627751897848, "learning_rate": 9.639391894621354e-05}
{"phase": "TRAINING", "arm": "command_off", "epoch": 7, "epochs": 10, "epoch_cursor": 27200, "anchors_per_epoch": 36726, "optimizer_steps": 7738, "elapsed_seconds": 3848.19299298, "train_l1_m": 0.021475272692056898, "learning_rate": 9.480951042289859e-05}
{"phase": "TRAINING", "arm": "command_off", "epoch": 7, "epochs": 10, "epoch_cursor": 28800, "anchors_per_epoch": 36726, "optimizer_steps": 7788, "elapsed_seconds": 3866.396061504999, "train_l1_m": 0.021339847482164782, "learning_rate": 9.323824287109452e-05}
{"phase": "TRAINING", "arm": "command_off", "epoch": 7, "epochs": 10, "epoch_cursor": 30400, "anchors_per_epoch": 36726, "optimizer_steps": 7838, "elapsed_seconds": 3884.7725984479994, "train_l1_m": 0.021362569905469118, "learning_rate": 9.168041046145418e-05}
{"phase": "TRAINING", "arm": "command_off", "epoch": 7, "epochs": 10, "epoch_cursor": 32000, "anchors_per_epoch": 36726, "optimizer_steps": 7888, "elapsed_seconds": 3902.5615639649996, "train_l1_m": 0.02121528190541324, "learning_rate": 9.013630484932045e-05}
{"phase": "TRAINING", "arm": "command_off", "epoch": 7, "epochs": 10, "epoch_cursor": 33600, "anchors_per_epoch": 36726, "optimizer_steps": 7938, "elapsed_seconds": 3920.3197613919992, "train_l1_m": 0.0210856407629275, "learning_rate": 8.860621512012351e-05}
{"phase": "TRAINING", "arm": "command_off", "epoch": 7, "epochs": 10, "epoch_cursor": 35200, "anchors_per_epoch": 36726, "optimizer_steps": 7988, "elapsed_seconds": 3938.044308787, "train_l1_m": 0.021150283471491924, "learning_rate": 8.709042773525792e-05}
{"phase": "VALIDATING", "arm": "command_off", "epoch": 7, "epochs": 10, "epoch_cursor": 36726, "anchors_per_epoch": 36726, "optimizer_steps": 8036, "elapsed_seconds": 3960.43673004, "train_l1_m": 0.021168787086306654}
{"phase": "EPOCH_COMPLETE", "arm": "command_off", "epoch": 7, "epochs": 10, "epoch_cursor": 0, "anchors_per_epoch": 36726, "optimizer_steps": 8036, "elapsed_seconds": 4086.0507165110002, "train_l1_m": 0.021168787086306654, "train_counts": {"visited": 36726, "input_invalid": 158, "teacher_unsupported": 1208, "supported": 35360, "loss_sum_m": 748.5283113718033}, "validation_run_macro_3s_m": 0.09369643125683069, "validation_ade_m": 0.032251134514808655, "epoch_order_sha256": "60ddc0ab665264641d187761735de3d794f89a6040d17f7a8f9c65fedcf0d4d1", "best_epoch": 6}
{"phase": "TRAINING", "arm": "command_off", "epoch": 8, "epochs": 10, "epoch_cursor": 0, "anchors_per_epoch": 36726, "optimizer_steps": 8036, "elapsed_seconds": 4086.0662570100003}
{"phase": "TRAINING", "arm": "command_off", "epoch": 8, "epochs": 10, "epoch_cursor": 1600, "anchors_per_epoch": 36726, "optimizer_steps": 8086, "elapsed_seconds": 4126.053780515001, "train_l1_m": 0.020080292898776702, "learning_rate": 8.416205681600527e-05}
{"phase": "TRAINING", "arm": "command_off", "epoch": 8, "epochs": 10, "epoch_cursor": 3200, "anchors_per_epoch": 36726, "optimizer_steps": 8136, "elapsed_seconds": 4145.114256759999, "train_l1_m": 0.020038299985739617, "learning_rate": 8.269025706530835e-05}
{"phase": "TRAINING", "arm": "command_off", "epoch": 8, "epochs": 10, "epoch_cursor": 4800, "anchors_per_epoch": 36726, "optimizer_steps": 8186, "elapsed_seconds": 4164.419624636, "train_l1_m": 0.019968594284223113, "learning_rate": 8.123386723686007e-05}
{"phase": "TRAINING", "arm": "command_off", "epoch": 8, "epochs": 10, "epoch_cursor": 6400, "anchors_per_epoch": 36726, "optimizer_steps": 8236, "elapsed_seconds": 4183.689989935, "train_l1_m": 0.020478188487736238, "learning_rate": 7.979315999405635e-05}
{"phase": "TRAINING", "arm": "command_off", "epoch": 8, "epochs": 10, "epoch_cursor": 8000, "anchors_per_epoch": 36726, "optimizer_steps": 8286, "elapsed_seconds": 4203.593049487, "train_l1_m": 0.019828079375401535, "learning_rate": 7.836840506421984e-05}
{"phase": "TRAINING", "arm": "command_off", "epoch": 8, "epochs": 10, "epoch_cursor": 9600, "anchors_per_epoch": 36726, "optimizer_steps": 8336, "elapsed_seconds": 4222.930679212, "train_l1_m": 0.0200806011691754, "learning_rate": 7.695986918810224e-05}
{"phase": "TRAINING", "arm": "command_off", "epoch": 8, "epochs": 10, "epoch_cursor": 11200, "anchors_per_epoch": 36726, "optimizer_steps": 8386, "elapsed_seconds": 4242.259977376, "train_l1_m": 0.019987488362503334, "learning_rate": 7.556781606994501e-05}
{"phase": "TRAINING", "arm": "command_off", "epoch": 8, "epochs": 10, "epoch_cursor": 12800, "anchors_per_epoch": 36726, "optimizer_steps": 8436, "elapsed_seconds": 4261.437976034999, "train_l1_m": 0.019801415330739824, "learning_rate": 7.41925063281094e-05}
{"phase": "TRAINING", "arm": "command_off", "epoch": 8, "epochs": 10, "epoch_cursor": 14400, "anchors_per_epoch": 36726, "optimizer_steps": 8486, "elapsed_seconds": 4280.718137006, "train_l1_m": 0.019817315340042115, "learning_rate": 7.283419744628372e-05}
{"phase": "TRAINING", "arm": "command_off", "epoch": 8, "epochs": 10, "epoch_cursor": 16000, "anchors_per_epoch": 36726, "optimizer_steps": 8536, "elapsed_seconds": 4299.678431015001, "train_l1_m": 0.019618600359467813, "learning_rate": 7.149314372527735e-05}
{"phase": "TRAINING", "arm": "command_off", "epoch": 8, "epochs": 10, "epoch_cursor": 17600, "anchors_per_epoch": 36726, "optimizer_steps": 8586, "elapsed_seconds": 4318.584819699, "train_l1_m": 0.019475605806422453, "learning_rate": 7.016959623541133e-05}
{"phase": "TRAINING", "arm": "command_off", "epoch": 8, "epochs": 10, "epoch_cursor": 19200, "anchors_per_epoch": 36726, "optimizer_steps": 8636, "elapsed_seconds": 4336.292266997999, "train_l1_m": 0.019449633593494827, "learning_rate": 6.886380276951283e-05}
{"phase": "TRAINING", "arm": "command_off", "epoch": 8, "epochs": 10, "epoch_cursor": 20800, "anchors_per_epoch": 36726, "optimizer_steps": 8686, "elapsed_seconds": 4353.728923641999, "train_l1_m": 0.019232753338231833, "learning_rate": 6.75760077965239e-05}
{"phase": "TRAINING", "arm": "command_off", "epoch": 8, "epochs": 10, "epoch_cursor": 22400, "anchors_per_epoch": 36726, "optimizer_steps": 8736, "elapsed_seconds": 4371.178155473, "train_l1_m": 0.019169691883053813, "learning_rate": 6.63064524157325e-05}
{"phase": "TRAINING", "arm": "command_off", "epoch": 8, "epochs": 10, "epoch_cursor": 24000, "anchors_per_epoch": 36726, "optimizer_steps": 8786, "elapsed_seconds": 4389.4094632530005, "train_l1_m": 0.01905530049447209, "learning_rate": 6.505537431163405e-05}
{"phase": "TRAINING", "arm": "command_off", "epoch": 8, "epochs": 10, "epoch_cursor": 25600, "anchors_per_epoch": 36726, "optimizer_steps": 8836, "elapsed_seconds": 4407.538002, "train_l1_m": 0.0188840767469174, "learning_rate": 6.382300770943208e-05}
{"phase": "TRAINING", "arm": "command_off", "epoch": 8, "epochs": 10, "epoch_cursor": 27200, "anchors_per_epoch": 36726, "optimizer_steps": 8886, "elapsed_seconds": 4425.373074085, "train_l1_m": 0.018754764656677303, "learning_rate": 6.260958333118778e-05}
{"phase": "TRAINING", "arm": "command_off", "epoch": 8, "epochs": 10, "epoch_cursor": 28800, "anchors_per_epoch": 36726, "optimizer_steps": 8936, "elapsed_seconds": 4442.881700266999, "train_l1_m": 0.01867997587975936, "learning_rate": 6.14153283526234e-05}
{"phase": "TRAINING", "arm": "command_off", "epoch": 8, "epochs": 10, "epoch_cursor": 30400, "anchors_per_epoch": 36726, "optimizer_steps": 8986, "elapsed_seconds": 4460.65662282, "train_l1_m": 0.0185875398918938, "learning_rate": 6.024046636059182e-05}
{"phase": "TRAINING", "arm": "command_off", "epoch": 8, "epochs": 10, "epoch_cursor": 32000, "anchors_per_epoch": 36726, "optimizer_steps": 9036, "elapsed_seconds": 4478.572150564, "train_l1_m": 0.018552007158041672, "learning_rate": 5.9085217311215966e-05}
{"phase": "TRAINING", "arm": "command_off", "epoch": 8, "epochs": 10, "epoch_cursor": 33600, "anchors_per_epoch": 36726, "optimizer_steps": 9086, "elapsed_seconds": 4496.325330187, "train_l1_m": 0.018420726640134354, "learning_rate": 5.794979748870959e-05}
{"phase": "TRAINING", "arm": "command_off", "epoch": 8, "epochs": 10, "epoch_cursor": 35200, "anchors_per_epoch": 36726, "optimizer_steps": 9136, "elapsed_seconds": 4514.044461274, "train_l1_m": 0.018358863652112967, "learning_rate": 5.683441946488457e-05}
{"phase": "VALIDATING", "arm": "command_off", "epoch": 8, "epochs": 10, "epoch_cursor": 36726, "anchors_per_epoch": 36726, "optimizer_steps": 9184, "elapsed_seconds": 4536.037008349999, "train_l1_m": 0.018299956891972283}
{"phase": "EPOCH_COMPLETE", "arm": "command_off", "epoch": 8, "epochs": 10, "epoch_cursor": 0, "anchors_per_epoch": 36726, "optimizer_steps": 9184, "elapsed_seconds": 4654.892530651, "train_l1_m": 0.018299956891972283, "train_counts": {"visited": 36726, "input_invalid": 158, "teacher_unsupported": 1208, "supported": 35360, "loss_sum_m": 647.08647570014}, "validation_run_macro_3s_m": 0.07037947233766317, "validation_ade_m": 0.02122679352760315, "epoch_order_sha256": "b1cb354ebcc61d5729594c463657f8562a4d10446b818b67a4bd7a034aeec3ad", "best_epoch": 8}
{"phase": "TRAINING", "arm": "command_off", "epoch": 9, "epochs": 10, "epoch_cursor": 0, "anchors_per_epoch": 36726, "optimizer_steps": 9184, "elapsed_seconds": 4654.906096850999}
{"phase": "TRAINING", "arm": "command_off", "epoch": 9, "epochs": 10, "epoch_cursor": 1600, "anchors_per_epoch": 36726, "optimizer_steps": 9234, "elapsed_seconds": 4691.335625364999, "train_l1_m": 0.017051465162510274, "learning_rate": 5.470721188597666e-05}
{"phase": "TRAINING", "arm": "command_off", "epoch": 9, "epochs": 10, "epoch_cursor": 3200, "anchors_per_epoch": 36726, "optimizer_steps": 9284, "elapsed_seconds": 4709.377549192, "train_l1_m": 0.016968772045878884, "learning_rate": 5.365236688387509e-05}
{"phase": "TRAINING", "arm": "command_off", "epoch": 9, "epochs": 10, "epoch_cursor": 4800, "anchors_per_epoch": 36726, "optimizer_steps": 9334, "elapsed_seconds": 4727.2324634589995, "train_l1_m": 0.01680802178310906, "learning_rate": 5.2618368239783064e-05}
{"phase": "TRAINING", "arm": "command_off", "epoch": 9, "epochs": 10, "epoch_cursor": 6400, "anchors_per_epoch": 36726, "optimizer_steps": 9384, "elapsed_seconds": 4745.527130011999, "train_l1_m": 0.017213868419715117, "learning_rate": 5.1605409537572276e-05}
{"phase": "TRAINING", "arm": "command_off", "epoch": 9, "epochs": 10, "epoch_cursor": 8000, "anchors_per_epoch": 36726, "optimizer_steps": 9434, "elapsed_seconds": 4763.436018566, "train_l1_m": 0.01715467687929894, "learning_rate": 5.0613680422044024e-05}
{"phase": "TRAINING", "arm": "command_off", "epoch": 9, "epochs": 10, "epoch_cursor": 9600, "anchors_per_epoch": 36726, "optimizer_steps": 9484, "elapsed_seconds": 4781.330134965, "train_l1_m": 0.01708320960836503, "learning_rate": 4.9643366563424104e-05}
{"phase": "TRAINING", "arm": "command_off", "epoch": 9, "epochs": 10, "epoch_cursor": 11200, "anchors_per_epoch": 36726, "optimizer_steps": 9534, "elapsed_seconds": 4799.457582664, "train_l1_m": 0.016975253798392466, "learning_rate": 4.86946496226022e-05}
{"phase": "TRAINING", "arm": "command_off", "epoch": 9, "epochs": 10, "epoch_cursor": 12800, "anchors_per_epoch": 36726, "optimizer_steps": 9584, "elapsed_seconds": 4817.926721159999, "train_l1_m": 0.01677894803315601, "learning_rate": 4.7767707217121005e-05}
{"phase": "TRAINING", "arm": "command_off", "epoch": 9, "epochs": 10, "epoch_cursor": 14400, "anchors_per_epoch": 36726, "optimizer_steps": 9634, "elapsed_seconds": 4836.145873831999, "train_l1_m": 0.016723555172706905, "learning_rate": 4.686271288792351e-05}
{"phase": "TRAINING", "arm": "command_off", "epoch": 9, "epochs": 10, "epoch_cursor": 16000, "anchors_per_epoch": 36726, "optimizer_steps": 9684, "elapsed_seconds": 4853.968991186, "train_l1_m": 0.01679032448267214, "learning_rate": 4.59798360668625e-05}
{"phase": "TRAINING", "arm": "command_off", "epoch": 9, "epochs": 10, "epoch_cursor": 17600, "anchors_per_epoch": 36726, "optimizer_steps": 9734, "elapsed_seconds": 4871.519554313, "train_l1_m": 0.01683643815426411, "learning_rate": 4.511924204497977e-05}
{"phase": "TRAINING", "arm": "command_off", "epoch": 9, "epochs": 10, "epoch_cursor": 19200, "anchors_per_epoch": 36726, "optimizer_steps": 9784, "elapsed_seconds": 4889.1705812499995, "train_l1_m": 0.016885377868457126, "learning_rate": 4.428109194156084e-05}
{"phase": "TRAINING", "arm": "command_off", "epoch": 9, "epochs": 10, "epoch_cursor": 20800, "anchors_per_epoch": 36726, "optimizer_steps": 9834, "elapsed_seconds": 4907.143540746, "train_l1_m": 0.01682563381745457, "learning_rate": 4.346554267397008e-05}
{"phase": "TRAINING", "arm": "command_off", "epoch": 9, "epochs": 10, "epoch_cursor": 22400, "anchors_per_epoch": 36726, "optimizer_steps": 9884, "elapsed_seconds": 4925.315324529999, "train_l1_m": 0.01673778643762011, "learning_rate": 4.2672746928273085e-05}
{"phase": "TRAINING", "arm": "command_off", "epoch": 9, "epochs": 10, "epoch_cursor": 24000, "anchors_per_epoch": 36726, "optimizer_steps": 9934, "elapsed_seconds": 4943.473754075999, "train_l1_m": 0.016644356119903395, "learning_rate": 4.190285313065074e-05}
{"phase": "TRAINING", "arm": "command_off", "epoch": 9, "epochs": 10, "epoch_cursor": 25600, "anchors_per_epoch": 36726, "optimizer_steps": 9984, "elapsed_seconds": 4961.070011933999, "train_l1_m": 0.01665101558470673, "learning_rate": 4.1156005419611324e-05}
{"phase": "TRAINING", "arm": "command_off", "epoch": 9, "epochs": 10, "epoch_cursor": 27200, "anchors_per_epoch": 36726, "optimizer_steps": 10034, "elapsed_seconds": 4979.044503365, "train_l1_m": 0.016596196934459802, "learning_rate": 4.043234361900496e-05}
{"phase": "TRAINING", "arm": "command_off", "epoch": 9, "epochs": 10, "epoch_cursor": 28800, "anchors_per_epoch": 36726, "optimizer_steps": 10084, "elapsed_seconds": 4997.179133761999, "train_l1_m": 0.0164889896059347, "learning_rate": 3.9732003211845955e-05}
{"phase": "TRAINING", "arm": "command_off", "epoch": 9, "epochs": 10, "epoch_cursor": 30400, "anchors_per_epoch": 36726, "optimizer_steps": 10134, "elapsed_seconds": 5015.182884904, "train_l1_m": 0.016428872150785524, "learning_rate": 3.905511531494792e-05}
{"phase": "TRAINING", "arm": "command_off", "epoch": 9, "epochs": 10, "epoch_cursor": 32000, "anchors_per_epoch": 36726, "optimizer_steps": 10184, "elapsed_seconds": 5033.415586471, "train_l1_m": 0.016343381992035017, "learning_rate": 3.840180665437626e-05}
{"phase": "TRAINING", "arm": "command_off", "epoch": 9, "epochs": 10, "epoch_cursor": 33600, "anchors_per_epoch": 36726, "optimizer_steps": 10234, "elapsed_seconds": 5051.083068491999, "train_l1_m": 0.016297239178048806, "learning_rate": 3.777219954172246e-05}
{"phase": "TRAINING", "arm": "command_off", "epoch": 9, "epochs": 10, "epoch_cursor": 35200, "anchors_per_epoch": 36726, "optimizer_steps": 10284, "elapsed_seconds": 5069.229325263, "train_l1_m": 0.01624141875320931, "learning_rate": 3.716641185120551e-05}
{"phase": "VALIDATING", "arm": "command_off", "epoch": 9, "epochs": 10, "epoch_cursor": 36726, "anchors_per_epoch": 36726, "optimizer_steps": 10332, "elapsed_seconds": 5091.786623831999, "train_l1_m": 0.016184906458389436}
{"phase": "EPOCH_COMPLETE", "arm": "command_off", "epoch": 9, "epochs": 10, "epoch_cursor": 0, "anchors_per_epoch": 36726, "optimizer_steps": 10332, "elapsed_seconds": 5210.310249788, "train_l1_m": 0.016184906458389436, "train_counts": {"visited": 36726, "input_invalid": 158, "teacher_unsupported": 1208, "supported": 35360, "loss_sum_m": 572.2982923686504}, "validation_run_macro_3s_m": 0.06746295280754566, "validation_ade_m": 0.021314438432455063, "epoch_order_sha256": "f9bd7d1115a613d20b87550fa0f09280fbff243bb17a5f17fa0521d88665abb6", "best_epoch": 9}
{"phase": "TRAINING", "arm": "command_off", "epoch": 10, "epochs": 10, "epoch_cursor": 0, "anchors_per_epoch": 36726, "optimizer_steps": 10332, "elapsed_seconds": 5210.328944087999}
{"phase": "TRAINING", "arm": "command_off", "epoch": 10, "epochs": 10, "epoch_cursor": 1600, "anchors_per_epoch": 36726, "optimizer_steps": 10382, "elapsed_seconds": 5246.919524116999, "train_l1_m": 0.015270793768454182, "learning_rate": 3.604859351159263e-05}
{"phase": "TRAINING", "arm": "command_off", "epoch": 10, "epochs": 10, "epoch_cursor": 3200, "anchors_per_epoch": 36726, "optimizer_steps": 10432, "elapsed_seconds": 5264.803378751999, "train_l1_m": 0.014884881222232655, "learning_rate": 3.551395883642938e-05}
{"phase": "TRAINING", "arm": "command_off", "epoch": 10, "epochs": 10, "epoch_cursor": 4800, "anchors_per_epoch": 36726, "optimizer_steps": 10482, "elapsed_seconds": 5282.615479880999, "train_l1_m": 0.014323512680944384, "learning_rate": 3.5003566368269554e-05}
{"phase": "TRAINING", "arm": "command_off", "epoch": 10, "epochs": 10, "epoch_cursor": 6400, "anchors_per_epoch": 36726, "optimizer_steps": 10532, "elapsed_seconds": 5301.064926628001, "train_l1_m": 0.014173914840685566, "learning_rate": 3.451751166212243e-05}
{"phase": "TRAINING", "arm": "command_off", "epoch": 10, "epochs": 10, "epoch_cursor": 8000, "anchors_per_epoch": 36726, "optimizer_steps": 10582, "elapsed_seconds": 5319.368483859999, "train_l1_m": 0.014323654265458726, "learning_rate": 3.4055885716513396e-05}
{"phase": "TRAINING", "arm": "command_off", "epoch": 10, "epochs": 10, "epoch_cursor": 9600, "anchors_per_epoch": 36726, "optimizer_steps": 10632, "elapsed_seconds": 5337.250414654999, "train_l1_m": 0.014388429519425353, "learning_rate": 3.361877495644724e-05}
{"phase": "TRAINING", "arm": "command_off", "epoch": 10, "epochs": 10, "epoch_cursor": 11200, "anchors_per_epoch": 36726, "optimizer_steps": 10682, "elapsed_seconds": 5355.08602675, "train_l1_m": 0.014376004163566904, "learning_rate": 3.320626121722789e-05}
{"phase": "TRAINING", "arm": "command_off", "epoch": 10, "epochs": 10, "epoch_cursor": 12800, "anchors_per_epoch": 36726, "optimizer_steps": 10732, "elapsed_seconds": 5372.962750165999, "train_l1_m": 0.014436781104294867, "learning_rate": 3.281842172913716e-05}
{"phase": "TRAINING", "arm": "command_off", "epoch": 10, "epochs": 10, "epoch_cursor": 14400, "anchors_per_epoch": 36726, "optimizer_steps": 10782, "elapsed_seconds": 5391.023384150999, "train_l1_m": 0.014296174201967396, "learning_rate": 3.2455329102976005e-05}
{"phase": "TRAINING", "arm": "command_off", "epoch": 10, "epochs": 10, "epoch_cursor": 16000, "anchors_per_epoch": 36726, "optimizer_steps": 10832, "elapsed_seconds": 5408.946233043999, "train_l1_m": 0.01425333128674792, "learning_rate": 3.211705131647025e-05}
{"phase": "TRAINING", "arm": "command_off", "epoch": 10, "epochs": 10, "epoch_cursor": 17600, "anchors_per_epoch": 36726, "optimizer_steps": 10882, "elapsed_seconds": 5426.754895621999, "train_l1_m": 0.014165656595909971, "learning_rate": 3.180365170154392e-05}
{"phase": "TRAINING", "arm": "command_off", "epoch": 10, "epochs": 10, "epoch_cursor": 19200, "anchors_per_epoch": 36726, "optimizer_steps": 10932, "elapsed_seconds": 5444.675665416999, "train_l1_m": 0.014131306735216167, "learning_rate": 3.15151889324624e-05}
{"phase": "TRAINING", "arm": "command_off", "epoch": 10, "epochs": 10, "epoch_cursor": 20800, "anchors_per_epoch": 36726, "optimizer_steps": 10982, "elapsed_seconds": 5462.319790401999, "train_l1_m": 0.014113864779895523, "learning_rate": 3.125171701484743e-05}
{"phase": "TRAINING", "arm": "command_off", "epoch": 10, "epochs": 10, "epoch_cursor": 22400, "anchors_per_epoch": 36726, "optimizer_steps": 11032, "elapsed_seconds": 5480.770645739, "train_l1_m": 0.014028125002967783, "learning_rate": 3.10132852755663e-05}
{"phase": "TRAINING", "arm": "command_off", "epoch": 10, "epochs": 10, "epoch_cursor": 24000, "anchors_per_epoch": 36726, "optimizer_steps": 11082, "elapsed_seconds": 5498.523864407999, "train_l1_m": 0.013967539981374765, "learning_rate": 3.0799938353496895e-05}
{"phase": "TRAINING", "arm": "command_off", "epoch": 10, "epochs": 10, "epoch_cursor": 25600, "anchors_per_epoch": 36726, "optimizer_steps": 11132, "elapsed_seconds": 5516.38300966, "train_l1_m": 0.013895338057339396, "learning_rate": 3.06117161911705e-05}
{"phase": "TRAINING", "arm": "command_off", "epoch": 10, "epochs": 10, "epoch_cursor": 27200, "anchors_per_epoch": 36726, "optimizer_steps": 11182, "elapsed_seconds": 5533.891409245, "train_l1_m": 0.013831672110215762, "learning_rate": 3.0448654027293712e-05}
{"phase": "TRAINING", "arm": "command_off", "epoch": 10, "epochs": 10, "epoch_cursor": 28800, "anchors_per_epoch": 36726, "optimizer_steps": 11232, "elapsed_seconds": 5551.635170577, "train_l1_m": 0.01379083745035302, "learning_rate": 3.031078239015132e-05}
{"phase": "TRAINING", "arm": "command_off", "epoch": 10, "epochs": 10, "epoch_cursor": 30400, "anchors_per_epoch": 36726, "optimizer_steps": 11282, "elapsed_seconds": 5569.163656030999, "train_l1_m": 0.013802648908846237, "learning_rate": 3.01981270918906e-05}
{"phase": "TRAINING", "arm": "command_off", "epoch": 10, "epochs": 10, "epoch_cursor": 32000, "anchors_per_epoch": 36726, "optimizer_steps": 11332, "elapsed_seconds": 5586.9859707900005, "train_l1_m": 0.013788125410756795, "learning_rate": 3.0110709223688914e-05}
{"phase": "TRAINING", "arm": "command_off", "epoch": 10, "epochs": 10, "epoch_cursor": 33600, "anchors_per_epoch": 36726, "optimizer_steps": 11382, "elapsed_seconds": 5604.825982019999, "train_l1_m": 0.013874014047868368, "learning_rate": 3.004854515180501e-05}
{"phase": "TRAINING", "arm": "command_off", "epoch": 10, "epochs": 10, "epoch_cursor": 35200, "anchors_per_epoch": 36726, "optimizer_steps": 11432, "elapsed_seconds": 5622.333796366999, "train_l1_m": 0.013869205322931764, "learning_rate": 3.0011646514515027e-05}
{"phase": "VALIDATING", "arm": "command_off", "epoch": 10, "epochs": 10, "epoch_cursor": 36726, "anchors_per_epoch": 36726, "optimizer_steps": 11480, "elapsed_seconds": 5644.869807721, "train_l1_m": 0.013845693663908885}
{"phase": "EPOCH_COMPLETE", "arm": "command_off", "epoch": 10, "epochs": 10, "epoch_cursor": 0, "anchors_per_epoch": 36726, "optimizer_steps": 11480, "elapsed_seconds": 5763.472284781, "train_l1_m": 0.013845693663908885, "train_counts": {"visited": 36726, "input_invalid": 158, "teacher_unsupported": 1208, "supported": 35360, "loss_sum_m": 489.5837279558182}, "validation_run_macro_3s_m": 0.0648434953764081, "validation_ade_m": 0.020853815600275993, "epoch_order_sha256": "c807cec1947eb727be060a9d271798dae44f1eb07fac45c8dbf753469deafdd7", "best_epoch": 10}
{"phase": "RELOADING_BEST", "arm": "command_off", "epoch": 10, "epochs": 10, "epoch_cursor": 0, "anchors_per_epoch": 36726, "optimizer_steps": 11480, "elapsed_seconds": 5763.472631780999, "best_epoch": 10}
{"phase": "COMPLETE", "arm": "command_off", "epoch": 10, "epochs": 10, "epoch_cursor": 0, "anchors_per_epoch": 36726, "optimizer_steps": 11480, "elapsed_seconds": 5882.510807201, "best_epoch": 10, "validation_run_macro_3s_m": 0.0648434953764081}
{"phase": "INITIAL_VALIDATION", "arm": "command_on", "epoch": 1, "epochs": 10, "epoch_cursor": 0, "anchors_per_epoch": 36726, "optimizer_steps": 0, "elapsed_seconds": 0.05856859999948938}
{"phase": "TRAINING", "arm": "command_on", "epoch": 1, "epochs": 10, "epoch_cursor": 0, "anchors_per_epoch": 36726, "optimizer_steps": 0, "elapsed_seconds": 117.68775638499937}
{"phase": "TRAINING", "arm": "command_on", "epoch": 1, "epochs": 10, "epoch_cursor": 1600, "anchors_per_epoch": 36726, "optimizer_steps": 50, "elapsed_seconds": 155.08677956499923, "train_l1_m": 0.4046448975180586, "learning_rate": 0.0002999873627384243}
{"phase": "TRAINING", "arm": "command_on", "epoch": 1, "epochs": 10, "epoch_cursor": 3200, "anchors_per_epoch": 36726, "optimizer_steps": 100, "elapsed_seconds": 173.0924406289996, "train_l1_m": 0.30224376218499244, "learning_rate": 0.00029994945331962694}
{"phase": "TRAINING", "arm": "command_on", "epoch": 1, "epochs": 10, "epoch_cursor": 4800, "anchors_per_epoch": 36726, "optimizer_steps": 150, "elapsed_seconds": 191.3760630199995, "train_l1_m": 0.27034350631819304, "learning_rate": 0.00029988627884095897}
{"phase": "TRAINING", "arm": "command_on", "epoch": 1, "epochs": 10, "epoch_cursor": 6400, "anchors_per_epoch": 36726, "optimizer_steps": 200, "elapsed_seconds": 209.45105477200013, "train_l1_m": 0.2442643357838975, "learning_rate": 0.00029979785112986405}
{"phase": "TRAINING", "arm": "command_on", "epoch": 1, "epochs": 10, "epoch_cursor": 8000, "anchors_per_epoch": 36726, "optimizer_steps": 250, "elapsed_seconds": 227.34368640600042, "train_l1_m": 0.22560876812894648, "learning_rate": 0.0002996841867416618}
{"phase": "TRAINING", "arm": "command_on", "epoch": 1, "epochs": 10, "epoch_cursor": 9600, "anchors_per_epoch": 36726, "optimizer_steps": 300, "elapsed_seconds": 245.77792579199922, "train_l1_m": 0.21097071796920192, "learning_rate": 0.0002995453069564506}
{"phase": "TRAINING", "arm": "command_on", "epoch": 1, "epochs": 10, "epoch_cursor": 11200, "anchors_per_epoch": 36726, "optimizer_steps": 350, "elapsed_seconds": 263.3026303890001, "train_l1_m": 0.19878485149925368, "learning_rate": 0.0002993812377751221}
{"phase": "TRAINING", "arm": "command_on", "epoch": 1, "epochs": 10, "epoch_cursor": 12800, "anchors_per_epoch": 36726, "optimizer_steps": 400, "elapsed_seconds": 280.94159890800074, "train_l1_m": 0.19019759674007228, "learning_rate": 0.00029919200991449283}
{"phase": "TRAINING", "arm": "command_on", "epoch": 1, "epochs": 10, "epoch_cursor": 14400, "anchors_per_epoch": 36726, "optimizer_steps": 450, "elapsed_seconds": 298.9449940049999, "train_l1_m": 0.18175549257351245, "learning_rate": 0.0002989776588015557}
{"phase": "TRAINING", "arm": "command_on", "epoch": 1, "epochs": 10, "epoch_cursor": 16000, "anchors_per_epoch": 36726, "optimizer_steps": 500, "elapsed_seconds": 316.61488866499894, "train_l1_m": 0.17409675048965434, "learning_rate": 0.0002987382245668445}
{"phase": "TRAINING", "arm": "command_on", "epoch": 1, "epochs": 10, "epoch_cursor": 17600, "anchors_per_epoch": 36726, "optimizer_steps": 550, "elapsed_seconds": 334.40115382099975, "train_l1_m": 0.1671001080908009, "learning_rate": 0.00029847375203692335}
{"phase": "TRAINING", "arm": "command_on", "epoch": 1, "epochs": 10, "epoch_cursor": 19200, "anchors_per_epoch": 36726, "optimizer_steps": 600, "elapsed_seconds": 351.90209459200014, "train_l1_m": 0.16189232463444467, "learning_rate": 0.0002981842907259929}
{"phase": "TRAINING", "arm": "command_on", "epoch": 1, "epochs": 10, "epoch_cursor": 20800, "anchors_per_epoch": 36726, "optimizer_steps": 650, "elapsed_seconds": 369.642400839999, "train_l1_m": 0.1567808029238605, "learning_rate": 0.00029786989482662055}
{"phase": "TRAINING", "arm": "command_on", "epoch": 1, "epochs": 10, "epoch_cursor": 22400, "anchors_per_epoch": 36726, "optimizer_steps": 700, "elapsed_seconds": 387.2159896480007, "train_l1_m": 0.1532710475174431, "learning_rate": 0.0002975306231995944}
{"phase": "TRAINING", "arm": "command_on", "epoch": 1, "epochs": 10, "epoch_cursor": 24000, "anchors_per_epoch": 36726, "optimizer_steps": 750, "elapsed_seconds": 404.71200490499905, "train_l1_m": 0.1486542969188044, "learning_rate": 0.00029716653936290446}
{"phase": "TRAINING", "arm": "command_on", "epoch": 1, "epochs": 10, "epoch_cursor": 25600, "anchors_per_epoch": 36726, "optimizer_steps": 800, "elapsed_seconds": 422.62091293199956, "train_l1_m": 0.14528425527310657, "learning_rate": 0.0002967777114798501}
{"phase": "TRAINING", "arm": "command_on", "epoch": 1, "epochs": 10, "epoch_cursor": 27200, "anchors_per_epoch": 36726, "optimizer_steps": 850, "elapsed_seconds": 440.42323527999906, "train_l1_m": 0.14099408754767595, "learning_rate": 0.0002963642123462774}
{"phase": "TRAINING", "arm": "command_on", "epoch": 1, "epochs": 10, "epoch_cursor": 28800, "anchors_per_epoch": 36726, "optimizer_steps": 900, "elapsed_seconds": 458.14165104099993, "train_l1_m": 0.13797019852790143, "learning_rate": 0.0002959261193769527}
{"phase": "TRAINING", "arm": "command_on", "epoch": 1, "epochs": 10, "epoch_cursor": 30400, "anchors_per_epoch": 36726, "optimizer_steps": 950, "elapsed_seconds": 475.89971817399964, "train_l1_m": 0.1346763798282132, "learning_rate": 0.00029546351459106826}
{"phase": "TRAINING", "arm": "command_on", "epoch": 1, "epochs": 10, "epoch_cursor": 32000, "anchors_per_epoch": 36726, "optimizer_steps": 1000, "elapsed_seconds": 493.7517206089997, "train_l1_m": 0.13271973778151538, "learning_rate": 0.0002949764845968855}
{"phase": "TRAINING", "arm": "command_on", "epoch": 1, "epochs": 10, "epoch_cursor": 33600, "anchors_per_epoch": 36726, "optimizer_steps": 1050, "elapsed_seconds": 511.5018460699994, "train_l1_m": 0.12973131238999794, "learning_rate": 0.0002944651205755224}
{"phase": "TRAINING", "arm": "command_on", "epoch": 1, "epochs": 10, "epoch_cursor": 35200, "anchors_per_epoch": 36726, "optimizer_steps": 1100, "elapsed_seconds": 528.9989400619997, "train_l1_m": 0.1275338301527223, "learning_rate": 0.0002939295182638812}
{"phase": "VALIDATING", "arm": "command_on", "epoch": 1, "epochs": 10, "epoch_cursor": 36726, "anchors_per_epoch": 36726, "optimizer_steps": 1148, "elapsed_seconds": 551.4597239569994, "train_l1_m": 0.1250533495250061}
{"phase": "EPOCH_COMPLETE", "arm": "command_on", "epoch": 1, "epochs": 10, "epoch_cursor": 0, "anchors_per_epoch": 36726, "optimizer_steps": 1148, "elapsed_seconds": 669.270658133999, "train_l1_m": 0.1250533495250061, "train_counts": {"visited": 36726, "input_invalid": 158, "teacher_unsupported": 1208, "supported": 35360, "loss_sum_m": 4421.886439204216}, "validation_run_macro_3s_m": 0.26720353960990906, "validation_ade_m": 0.08806268870830536, "epoch_order_sha256": "794b553a74973965a22a120fe439bfad6fdcc5fc914ed7952ff45b67e4267c87", "best_epoch": 1}
{"phase": "TRAINING", "arm": "command_on", "epoch": 2, "epochs": 10, "epoch_cursor": 0, "anchors_per_epoch": 36726, "optimizer_steps": 1148, "elapsed_seconds": 669.2889022349991}
{"phase": "TRAINING", "arm": "command_on", "epoch": 2, "epochs": 10, "epoch_cursor": 1600, "anchors_per_epoch": 36726, "optimizer_steps": 1198, "elapsed_seconds": 706.032581862999, "train_l1_m": 0.07223991812364862, "learning_rate": 0.0002928098154113733}
{"phase": "TRAINING", "arm": "command_on", "epoch": 2, "epochs": 10, "epoch_cursor": 3200, "anchors_per_epoch": 36726, "optimizer_steps": 1248, "elapsed_seconds": 724.0018747899994, "train_l1_m": 0.07191418856139759, "learning_rate": 0.00029220307273665654}
{"phase": "TRAINING", "arm": "command_on", "epoch": 2, "epochs": 10, "epoch_cursor": 4800, "anchors_per_epoch": 36726, "optimizer_steps": 1298, "elapsed_seconds": 742.0478384859998, "train_l1_m": 0.07146138759600625, "learning_rate": 0.00029157251526929417}
{"phase": "TRAINING", "arm": "command_on", "epoch": 2, "epochs": 10, "epoch_cursor": 6400, "anchors_per_epoch": 36726, "optimizer_steps": 1348, "elapsed_seconds": 759.843721616, "train_l1_m": 0.07003078885858935, "learning_rate": 0.00029091826106142924}
{"phase": "TRAINING", "arm": "command_on", "epoch": 2, "epochs": 10, "epoch_cursor": 8000, "anchors_per_epoch": 36726, "optimizer_steps": 1398, "elapsed_seconds": 777.6322351399995, "train_l1_m": 0.06836090420113235, "learning_rate": 0.0002902404326016783}
{"phase": "TRAINING", "arm": "command_on", "epoch": 2, "epochs": 10, "epoch_cursor": 9600, "anchors_per_epoch": 36726, "optimizer_steps": 1448, "elapsed_seconds": 795.4522960689992, "train_l1_m": 0.06653428407326564, "learning_rate": 0.00028953915679219794}
{"phase": "TRAINING", "arm": "command_on", "epoch": 2, "epochs": 10, "epoch_cursor": 11200, "anchors_per_epoch": 36726, "optimizer_steps": 1498, "elapsed_seconds": 813.3092993390001, "train_l1_m": 0.06571536498442015, "learning_rate": 0.0002888145649249255}
{"phase": "TRAINING", "arm": "command_on", "epoch": 2, "epochs": 10, "epoch_cursor": 12800, "anchors_per_epoch": 36726, "optimizer_steps": 1548, "elapsed_seconds": 831.5554636380002, "train_l1_m": 0.06531547769892032, "learning_rate": 0.00028806679265700136}
{"phase": "TRAINING", "arm": "command_on", "epoch": 2, "epochs": 10, "epoch_cursor": 14400, "anchors_per_epoch": 36726, "optimizer_steps": 1598, "elapsed_seconds": 849.2572067860001, "train_l1_m": 0.06478978498785364, "learning_rate": 0.0002872959799853703}
{"phase": "TRAINING", "arm": "command_on", "epoch": 2, "epochs": 10, "epoch_cursor": 16000, "anchors_per_epoch": 36726, "optimizer_steps": 1648, "elapsed_seconds": 867.2226355799994, "train_l1_m": 0.06637821050581894, "learning_rate": 0.00028650227122057107}
{"phase": "TRAINING", "arm": "command_on", "epoch": 2, "epochs": 10, "epoch_cursor": 17600, "anchors_per_epoch": 36726, "optimizer_steps": 1698, "elapsed_seconds": 885.318151206, "train_l1_m": 0.067492546495383, "learning_rate": 0.0002856858149597187}
{"phase": "TRAINING", "arm": "command_on", "epoch": 2, "epochs": 10, "epoch_cursor": 19200, "anchors_per_epoch": 36726, "optimizer_steps": 1748, "elapsed_seconds": 903.2413285900002, "train_l1_m": 0.06757295555999651, "learning_rate": 0.00028484676405868465}
{"phase": "TRAINING", "arm": "command_on", "epoch": 2, "epochs": 10, "epoch_cursor": 20800, "anchors_per_epoch": 36726, "optimizer_steps": 1798, "elapsed_seconds": 921.7667520150007, "train_l1_m": 0.0671851218038885, "learning_rate": 0.00028398527560347965}
{"phase": "TRAINING", "arm": "command_on", "epoch": 2, "epochs": 10, "epoch_cursor": 22400, "anchors_per_epoch": 36726, "optimizer_steps": 1848, "elapsed_seconds": 939.458849134, "train_l1_m": 0.0667097675681308, "learning_rate": 0.0002831015108808433}
{"phase": "TRAINING", "arm": "command_on", "epoch": 2, "epochs": 10, "epoch_cursor": 24000, "anchors_per_epoch": 36726, "optimizer_steps": 1898, "elapsed_seconds": 957.6213083250004, "train_l1_m": 0.06637396425486333, "learning_rate": 0.0002821956353480495}
{"phase": "TRAINING", "arm": "command_on", "epoch": 2, "epochs": 10, "epoch_cursor": 25600, "anchors_per_epoch": 36726, "optimizer_steps": 1948, "elapsed_seconds": 975.4738101399998, "train_l1_m": 0.06617607787588553, "learning_rate": 0.00028126781860192916}
{"phase": "TRAINING", "arm": "command_on", "epoch": 2, "epochs": 10, "epoch_cursor": 27200, "anchors_per_epoch": 36726, "optimizer_steps": 1998, "elapsed_seconds": 993.5758004439995, "train_l1_m": 0.0653790412691637, "learning_rate": 0.00028031823434711766}
{"phase": "TRAINING", "arm": "command_on", "epoch": 2, "epochs": 10, "epoch_cursor": 28800, "anchors_per_epoch": 36726, "optimizer_steps": 2048, "elapsed_seconds": 1011.2647297050007, "train_l1_m": 0.06482498851309797, "learning_rate": 0.000279347060363536}
{"phase": "TRAINING", "arm": "command_on", "epoch": 2, "epochs": 10, "epoch_cursor": 30400, "anchors_per_epoch": 36726, "optimizer_steps": 2098, "elapsed_seconds": 1028.9964668869998, "train_l1_m": 0.06414289020884267, "learning_rate": 0.000278354478473104}
{"phase": "TRAINING", "arm": "command_on", "epoch": 2, "epochs": 10, "epoch_cursor": 32000, "anchors_per_epoch": 36726, "optimizer_steps": 2148, "elapsed_seconds": 1046.5270405640003, "train_l1_m": 0.0635146402421283, "learning_rate": 0.00027734067450570405}
{"phase": "TRAINING", "arm": "command_on", "epoch": 2, "epochs": 10, "epoch_cursor": 33600, "anchors_per_epoch": 36726, "optimizer_steps": 2198, "elapsed_seconds": 1064.0767387899996, "train_l1_m": 0.06294545422934307, "learning_rate": 0.0002763058382643863}
{"phase": "TRAINING", "arm": "command_on", "epoch": 2, "epochs": 10, "epoch_cursor": 35200, "anchors_per_epoch": 36726, "optimizer_steps": 2248, "elapsed_seconds": 1081.646788987, "train_l1_m": 0.06262864606848689, "learning_rate": 0.00027525016348983646}
{"phase": "VALIDATING", "arm": "command_on", "epoch": 2, "epochs": 10, "epoch_cursor": 36726, "anchors_per_epoch": 36726, "optimizer_steps": 2296, "elapsed_seconds": 1104.175215202, "train_l1_m": 0.06288627650909025}
{"phase": "EPOCH_COMPLETE", "arm": "command_on", "epoch": 2, "epochs": 10, "epoch_cursor": 0, "anchors_per_epoch": 36726, "optimizer_steps": 2296, "elapsed_seconds": 1222.5789896730003, "train_l1_m": 0.06288627650909025, "train_counts": {"visited": 36726, "input_invalid": 158, "teacher_unsupported": 1208, "supported": 35360, "loss_sum_m": 2223.658737361431}, "validation_run_macro_3s_m": 0.2498413659632206, "validation_ade_m": 0.08191274851560593, "epoch_order_sha256": "ca38dd26f91301909a7049a791eff4e1f38c6fc0de7dddedaec59719ee77adb0", "best_epoch": 2}
{"phase": "TRAINING", "arm": "command_on", "epoch": 3, "epochs": 10, "epoch_cursor": 0, "anchors_per_epoch": 36726, "optimizer_steps": 2296, "elapsed_seconds": 1222.6011694730005}
{"phase": "TRAINING", "arm": "command_on", "epoch": 3, "epochs": 10, "epoch_cursor": 1600, "anchors_per_epoch": 36726, "optimizer_steps": 2346, "elapsed_seconds": 1259.354166060999, "train_l1_m": 0.05429027027932179, "learning_rate": 0.00027312135284850956}
{"phase": "TRAINING", "arm": "command_on", "epoch": 3, "epochs": 10, "epoch_cursor": 3200, "anchors_per_epoch": 36726, "optimizer_steps": 2396, "elapsed_seconds": 1278.2954572130002, "train_l1_m": 0.05187980683593007, "learning_rate": 0.00027200516911829757}
{"phase": "TRAINING", "arm": "command_on", "epoch": 3, "epochs": 10, "epoch_cursor": 4800, "anchors_per_epoch": 36726, "optimizer_steps": 2446, "elapsed_seconds": 1297.031373025, "train_l1_m": 0.05290659734667354, "learning_rate": 0.0002708689520204971}
{"phase": "TRAINING", "arm": "command_on", "epoch": 3, "epochs": 10, "epoch_cursor": 6400, "anchors_per_epoch": 36726, "optimizer_steps": 2496, "elapsed_seconds": 1316.1192566480004, "train_l1_m": 0.05163709012553769, "learning_rate": 0.0002697129142761847}
{"phase": "TRAINING", "arm": "command_on", "epoch": 3, "epochs": 10, "epoch_cursor": 8000, "anchors_per_epoch": 36726, "optimizer_steps": 2546, "elapsed_seconds": 1335.4220162170004, "train_l1_m": 0.05122127959801653, "learning_rate": 0.00026853727231723295}
{"phase": "TRAINING", "arm": "command_on", "epoch": 3, "epochs": 10, "epoch_cursor": 9600, "anchors_per_epoch": 36726, "optimizer_steps": 2596, "elapsed_seconds": 1354.7881910239994, "train_l1_m": 0.050861697551739256, "learning_rate": 0.0002673422462457889}
{"phase": "TRAINING", "arm": "command_on", "epoch": 3, "epochs": 10, "epoch_cursor": 11200, "anchors_per_epoch": 36726, "optimizer_steps": 2646, "elapsed_seconds": 1373.9166308219992, "train_l1_m": 0.05123933476661677, "learning_rate": 0.00026612805979306836}
{"phase": "TRAINING", "arm": "command_on", "epoch": 3, "epochs": 10, "epoch_cursor": 12800, "anchors_per_epoch": 36726, "optimizer_steps": 2696, "elapsed_seconds": 1392.6105433520006, "train_l1_m": 0.050967010659056323, "learning_rate": 0.0002648949402774685}
{"phase": "TRAINING", "arm": "command_on", "epoch": 3, "epochs": 10, "epoch_cursor": 14400, "anchors_per_epoch": 36726, "optimizer_steps": 2746, "elapsed_seconds": 1412.454484505999, "train_l1_m": 0.05026026820974963, "learning_rate": 0.0002636431185620093}
{"phase": "TRAINING", "arm": "command_on", "epoch": 3, "epochs": 10, "epoch_cursor": 16000, "anchors_per_epoch": 36726, "optimizer_steps": 2796, "elapsed_seconds": 1431.2488357809998, "train_l1_m": 0.05038368051132835, "learning_rate": 0.00026237282901111277}
{"phase": "TRAINING", "arm": "command_on", "epoch": 3, "epochs": 10, "epoch_cursor": 17600, "anchors_per_epoch": 36726, "optimizer_steps": 2846, "elapsed_seconds": 1450.3099785369996, "train_l1_m": 0.05001498058855203, "learning_rate": 0.0002610843094467245}
{"phase": "TRAINING", "arm": "command_on", "epoch": 3, "epochs": 10, "epoch_cursor": 19200, "anchors_per_epoch": 36726, "optimizer_steps": 2896, "elapsed_seconds": 1469.0989779720003, "train_l1_m": 0.05020097559636313, "learning_rate": 0.00025977780110378963}
{"phase": "TRAINING", "arm": "command_on", "epoch": 3, "epochs": 10, "epoch_cursor": 20800, "anchors_per_epoch": 36726, "optimizer_steps": 2946, "elapsed_seconds": 1487.9287246149997, "train_l1_m": 0.05058763126442981, "learning_rate": 0.0002584535485850885}
{"phase": "TRAINING", "arm": "command_on", "epoch": 3, "epochs": 10, "epoch_cursor": 22400, "anchors_per_epoch": 36726, "optimizer_steps": 2996, "elapsed_seconds": 1507.7744645580005, "train_l1_m": 0.050291287627082196, "learning_rate": 0.000257111799815443}
{"phase": "TRAINING", "arm": "command_on", "epoch": 3, "epochs": 10, "epoch_cursor": 24000, "anchors_per_epoch": 36726, "optimizer_steps": 3046, "elapsed_seconds": 1527.3091017890001, "train_l1_m": 0.049875511255221355, "learning_rate": 0.00025575280599530006}
{"phase": "TRAINING", "arm": "command_on", "epoch": 3, "epochs": 10, "epoch_cursor": 25600, "anchors_per_epoch": 36726, "optimizer_steps": 3096, "elapsed_seconds": 1548.0210644069994, "train_l1_m": 0.050099971960724896, "learning_rate": 0.0002543768215537023}
{"phase": "TRAINING", "arm": "command_on", "epoch": 3, "epochs": 10, "epoch_cursor": 27200, "anchors_per_epoch": 36726, "optimizer_steps": 3146, "elapsed_seconds": 1567.559099942, "train_l1_m": 0.050061427999000055, "learning_rate": 0.00025298410410065436}
{"phase": "TRAINING", "arm": "command_on", "epoch": 3, "epochs": 10, "epoch_cursor": 28800, "anchors_per_epoch": 36726, "optimizer_steps": 3196, "elapsed_seconds": 1586.6682255289998, "train_l1_m": 0.04959425733517916, "learning_rate": 0.00025157491437889374}
{"phase": "TRAINING", "arm": "command_on", "epoch": 3, "epochs": 10, "epoch_cursor": 30400, "anchors_per_epoch": 36726, "optimizer_steps": 3246, "elapsed_seconds": 1605.2756756870003, "train_l1_m": 0.04969246038648984, "learning_rate": 0.00025014951621507385}
{"phase": "TRAINING", "arm": "command_on", "epoch": 3, "epochs": 10, "epoch_cursor": 32000, "anchors_per_epoch": 36726, "optimizer_steps": 3296, "elapsed_seconds": 1624.0175043029994, "train_l1_m": 0.049259181974322, "learning_rate": 0.00024870817647037156}
{"phase": "TRAINING", "arm": "command_on", "epoch": 3, "epochs": 10, "epoch_cursor": 33600, "anchors_per_epoch": 36726, "optimizer_steps": 3346, "elapsed_seconds": 1642.103159021999, "train_l1_m": 0.04869535558469282, "learning_rate": 0.0002472511649905261}
{"phase": "TRAINING", "arm": "command_on", "epoch": 3, "epochs": 10, "epoch_cursor": 35200, "anchors_per_epoch": 36726, "optimizer_steps": 3396, "elapsed_seconds": 1661.9331360809992, "train_l1_m": 0.048552321965049626, "learning_rate": 0.0002457787545553181}
{"phase": "VALIDATING", "arm": "command_on", "epoch": 3, "epochs": 10, "epoch_cursor": 36726, "anchors_per_epoch": 36726, "optimizer_steps": 3444, "elapsed_seconds": 1684.453488825, "train_l1_m": 0.04846448621447135}
{"phase": "EPOCH_COMPLETE", "arm": "command_on", "epoch": 3, "epochs": 10, "epoch_cursor": 0, "anchors_per_epoch": 36726, "optimizer_steps": 3444, "elapsed_seconds": 1808.979775582, "train_l1_m": 0.04846448621447135, "train_counts": {"visited": 36726, "input_invalid": 158, "teacher_unsupported": 1208, "supported": 35360, "loss_sum_m": 1713.704232543707}, "validation_run_macro_3s_m": 0.18225815705955029, "validation_ade_m": 0.07874111831188202, "epoch_order_sha256": "26956f1babecf71badff1864de8f7f6ca423d4204824b90cb69b2b19b71080e4", "best_epoch": 3}
{"phase": "TRAINING", "arm": "command_on", "epoch": 4, "epochs": 10, "epoch_cursor": 0, "anchors_per_epoch": 36726, "optimizer_steps": 3444, "elapsed_seconds": 1808.9981748819991}
{"phase": "TRAINING", "arm": "command_on", "epoch": 4, "epochs": 10, "epoch_cursor": 1600, "anchors_per_epoch": 36726, "optimizer_steps": 3494, "elapsed_seconds": 1845.5833250430005, "train_l1_m": 0.037297291217311734, "learning_rate": 0.0002428492189430421}
{"phase": "TRAINING", "arm": "command_on", "epoch": 4, "epochs": 10, "epoch_cursor": 3200, "anchors_per_epoch": 36726, "optimizer_steps": 3544, "elapsed_seconds": 1863.9320043419993, "train_l1_m": 0.03664983076990463, "learning_rate": 0.0002413328539977592}
{"phase": "TRAINING", "arm": "command_on", "epoch": 4, "epochs": 10, "epoch_cursor": 4800, "anchors_per_epoch": 36726, "optimizer_steps": 3594, "elapsed_seconds": 1881.9335681779994, "train_l1_m": 0.037688932674364094, "learning_rate": 0.00023980219811554484}
{"phase": "TRAINING", "arm": "command_on", "epoch": 4, "epochs": 10, "epoch_cursor": 6400, "anchors_per_epoch": 36726, "optimizer_steps": 3644, "elapsed_seconds": 1900.263317117, "train_l1_m": 0.037619234731858874, "learning_rate": 0.00023825753786378822}
{"phase": "TRAINING", "arm": "command_on", "epoch": 4, "epochs": 10, "epoch_cursor": 8000, "anchors_per_epoch": 36726, "optimizer_steps": 3694, "elapsed_seconds": 1918.791574728999, "train_l1_m": 0.037611905477630596, "learning_rate": 0.00023669916243175809}
{"phase": "TRAINING", "arm": "command_on", "epoch": 4, "epochs": 10, "epoch_cursor": 9600, "anchors_per_epoch": 36726, "optimizer_steps": 3744, "elapsed_seconds": 1936.8933332300003, "train_l1_m": 0.038711584229256406, "learning_rate": 0.00023512736357646149}
{"phase": "TRAINING", "arm": "command_on", "epoch": 4, "epochs": 10, "epoch_cursor": 11200, "anchors_per_epoch": 36726, "optimizer_steps": 3794, "elapsed_seconds": 1954.874125803999, "train_l1_m": 0.039156907914165574, "learning_rate": 0.00023354243556802094}
{"phase": "TRAINING", "arm": "command_on", "epoch": 4, "epochs": 10, "epoch_cursor": 12800, "anchors_per_epoch": 36726, "optimizer_steps": 3844, "elapsed_seconds": 1972.2107276349998, "train_l1_m": 0.03880600035819629, "learning_rate": 0.00023194467513458212}
{"phase": "TRAINING", "arm": "command_on", "epoch": 4, "epochs": 10, "epoch_cursor": 14400, "anchors_per_epoch": 36726, "optimizer_steps": 3894, "elapsed_seconds": 1989.416976053999, "train_l1_m": 0.03900715116985086, "learning_rate": 0.0002303343814067605}
{"phase": "TRAINING", "arm": "command_on", "epoch": 4, "epochs": 10, "epoch_cursor": 16000, "anchors_per_epoch": 36726, "optimizer_steps": 3944, "elapsed_seconds": 2006.646215789, "train_l1_m": 0.03952458311210979, "learning_rate": 0.00022871185586163808}
{"phase": "TRAINING", "arm": "command_on", "epoch": 4, "epochs": 10, "epoch_cursor": 17600, "anchors_per_epoch": 36726, "optimizer_steps": 3994, "elapsed_seconds": 2024.337607902, "train_l1_m": 0.038933658630111466, "learning_rate": 0.00022707740226632212}
{"phase": "TRAINING", "arm": "command_on", "epoch": 4, "epochs": 10, "epoch_cursor": 19200, "anchors_per_epoch": 36726, "optimizer_steps": 4044, "elapsed_seconds": 2041.7765654190007, "train_l1_m": 0.03916965905871285, "learning_rate": 0.00022543132662107367}
{"phase": "TRAINING", "arm": "command_on", "epoch": 4, "epochs": 10, "epoch_cursor": 20800, "anchors_per_epoch": 36726, "optimizer_steps": 4094, "elapsed_seconds": 2059.3817858969996, "train_l1_m": 0.03897557865574021, "learning_rate": 0.00022377393710201854}
{"phase": "TRAINING", "arm": "command_on", "epoch": 4, "epochs": 10, "epoch_cursor": 22400, "anchors_per_epoch": 36726, "optimizer_steps": 4144, "elapsed_seconds": 2076.647479698, "train_l1_m": 0.03881447076675894, "learning_rate": 0.0002221055440034515}
{"phase": "TRAINING", "arm": "command_on", "epoch": 4, "epochs": 10, "epoch_cursor": 24000, "anchors_per_epoch": 36726, "optimizer_steps": 4194, "elapsed_seconds": 2093.969118956, "train_l1_m": 0.03840136727952809, "learning_rate": 0.00022042645967974283}
{"phase": "TRAINING", "arm": "command_on", "epoch": 4, "epochs": 10, "epoch_cursor": 25600, "anchors_per_epoch": 36726, "optimizer_steps": 4244, "elapsed_seconds": 2111.3144131989993, "train_l1_m": 0.038050822161997344, "learning_rate": 0.00021873699848686014}
{"phase": "TRAINING", "arm": "command_on", "epoch": 4, "epochs": 10, "epoch_cursor": 27200, "anchors_per_epoch": 36726, "optimizer_steps": 4294, "elapsed_seconds": 2128.6699772499996, "train_l1_m": 0.037782257169438414, "learning_rate": 0.0002170374767235147}
{"phase": "TRAINING", "arm": "command_on", "epoch": 4, "epochs": 10, "epoch_cursor": 28800, "anchors_per_epoch": 36726, "optimizer_steps": 4344, "elapsed_seconds": 2145.9016075710006, "train_l1_m": 0.037426472243368356, "learning_rate": 0.00021532821257194478}
{"phase": "TRAINING", "arm": "command_on", "epoch": 4, "epochs": 10, "epoch_cursor": 30400, "anchors_per_epoch": 36726, "optimizer_steps": 4394, "elapsed_seconds": 2163.169159522, "train_l1_m": 0.03716772751953828, "learning_rate": 0.00021360952603834574}
{"phase": "TRAINING", "arm": "command_on", "epoch": 4, "epochs": 10, "epoch_cursor": 32000, "anchors_per_epoch": 36726, "optimizer_steps": 4444, "elapsed_seconds": 2180.4504334920002, "train_l1_m": 0.03702887507874348, "learning_rate": 0.000211881738892959}
{"phase": "TRAINING", "arm": "command_on", "epoch": 4, "epochs": 10, "epoch_cursor": 33600, "anchors_per_epoch": 36726, "optimizer_steps": 4494, "elapsed_seconds": 2197.8611128390003, "train_l1_m": 0.036757405050958564, "learning_rate": 0.00021014517460983062}
{"phase": "TRAINING", "arm": "command_on", "epoch": 4, "epochs": 10, "epoch_cursor": 35200, "anchors_per_epoch": 36726, "optimizer_steps": 4544, "elapsed_seconds": 2215.6186738390006, "train_l1_m": 0.036581717325802454, "learning_rate": 0.0002084001583062509}
{"phase": "VALIDATING", "arm": "command_on", "epoch": 4, "epochs": 10, "epoch_cursor": 36726, "anchors_per_epoch": 36726, "optimizer_steps": 4592, "elapsed_seconds": 2237.5794996860004, "train_l1_m": 0.03650180541686882}
{"phase": "EPOCH_COMPLETE", "arm": "command_on", "epoch": 4, "epochs": 10, "epoch_cursor": 0, "anchors_per_epoch": 36726, "optimizer_steps": 4592, "elapsed_seconds": 2354.268622324, "train_l1_m": 0.03650180541686882, "train_counts": {"visited": 36726, "input_invalid": 158, "teacher_unsupported": 1208, "supported": 35360, "loss_sum_m": 1290.7038395404816}, "validation_run_macro_3s_m": 0.10403168015182018, "validation_ade_m": 0.04414132237434387, "epoch_order_sha256": "f6a7ffda3713588f76084dd59b1a940c3a8aa52c7ab6378e285ac997aabf8355", "best_epoch": 4}
{"phase": "TRAINING", "arm": "command_on", "epoch": 5, "epochs": 10, "epoch_cursor": 0, "anchors_per_epoch": 36726, "optimizer_steps": 4592, "elapsed_seconds": 2354.289534824}
{"phase": "TRAINING", "arm": "command_on", "epoch": 5, "epochs": 10, "epoch_cursor": 1600, "anchors_per_epoch": 36726, "optimizer_steps": 4642, "elapsed_seconds": 2390.6726847150003, "train_l1_m": 0.02935183966429874, "learning_rate": 0.00020495666108003133}
{"phase": "TRAINING", "arm": "command_on", "epoch": 5, "epochs": 10, "epoch_cursor": 3200, "anchors_per_epoch": 36726, "optimizer_steps": 4692, "elapsed_seconds": 2408.437873278999, "train_l1_m": 0.02988529520149132, "learning_rate": 0.00020318854728565766}
{"phase": "TRAINING", "arm": "command_on", "epoch": 5, "epochs": 10, "epoch_cursor": 4800, "anchors_per_epoch": 36726, "optimizer_steps": 4742, "elapsed_seconds": 2426.208978765, "train_l1_m": 0.03028906462593334, "learning_rate": 0.00020141328388148703}
{"phase": "TRAINING", "arm": "command_on", "epoch": 5, "epochs": 10, "epoch_cursor": 6400, "anchors_per_epoch": 36726, "optimizer_steps": 4792, "elapsed_seconds": 2443.961257395, "train_l1_m": 0.030111447359115136, "learning_rate": 0.00019963120323000861}
{"phase": "TRAINING", "arm": "command_on", "epoch": 5, "epochs": 10, "epoch_cursor": 8000, "anchors_per_epoch": 36726, "optimizer_steps": 4842, "elapsed_seconds": 2461.348778686999, "train_l1_m": 0.030181941383451816, "learning_rate": 0.00019784263897002754}
{"phase": "TRAINING", "arm": "command_on", "epoch": 5, "epochs": 10, "epoch_cursor": 9600, "anchors_per_epoch": 36726, "optimizer_steps": 4892, "elapsed_seconds": 2478.8065084789996, "train_l1_m": 0.030169639265511458, "learning_rate": 0.0001960479259542014}
{"phase": "TRAINING", "arm": "command_on", "epoch": 5, "epochs": 10, "epoch_cursor": 11200, "anchors_per_epoch": 36726, "optimizer_steps": 4942, "elapsed_seconds": 2496.2522809050006, "train_l1_m": 0.03042872878938991, "learning_rate": 0.00019424740018635003}
{"phase": "TRAINING", "arm": "command_on", "epoch": 5, "epochs": 10, "epoch_cursor": 12800, "anchors_per_epoch": 36726, "optimizer_steps": 4992, "elapsed_seconds": 2513.7754899989995, "train_l1_m": 0.030548563631309117, "learning_rate": 0.00019244139875854906}
{"phase": "TRAINING", "arm": "command_on", "epoch": 5, "epochs": 10, "epoch_cursor": 14400, "anchors_per_epoch": 36726, "optimizer_steps": 5042, "elapsed_seconds": 2531.7721859569992, "train_l1_m": 0.030654298143346907, "learning_rate": 0.00019063025978802002}
{"phase": "TRAINING", "arm": "command_on", "epoch": 5, "epochs": 10, "epoch_cursor": 16000, "anchors_per_epoch": 36726, "optimizer_steps": 5092, "elapsed_seconds": 2550.5907183199997, "train_l1_m": 0.031271696445280196, "learning_rate": 0.0001888143223538284}
{"phase": "TRAINING", "arm": "command_on", "epoch": 5, "epochs": 10, "epoch_cursor": 17600, "anchors_per_epoch": 36726, "optimizer_steps": 5142, "elapsed_seconds": 2568.126568623, "train_l1_m": 0.031028965501070895, "learning_rate": 0.0001869939264334019}
{"phase": "TRAINING", "arm": "command_on", "epoch": 5, "epochs": 10, "epoch_cursor": 19200, "anchors_per_epoch": 36726, "optimizer_steps": 5192, "elapsed_seconds": 2585.5420250370007, "train_l1_m": 0.03059751160505005, "learning_rate": 0.00018516941283888003}
{"phase": "TRAINING", "arm": "command_on", "epoch": 5, "epochs": 10, "epoch_cursor": 20800, "anchors_per_epoch": 36726, "optimizer_steps": 5242, "elapsed_seconds": 2602.7655308190006, "train_l1_m": 0.030326741143489745, "learning_rate": 0.0001833411231533077}
{"phase": "TRAINING", "arm": "command_on", "epoch": 5, "epochs": 10, "epoch_cursor": 22400, "anchors_per_epoch": 36726, "optimizer_steps": 5292, "elapsed_seconds": 2620.236450507, "train_l1_m": 0.03013141440114803, "learning_rate": 0.0001815093996666851}
{"phase": "TRAINING", "arm": "command_on", "epoch": 5, "epochs": 10, "epoch_cursor": 24000, "anchors_per_epoch": 36726, "optimizer_steps": 5342, "elapsed_seconds": 2637.5821336909994, "train_l1_m": 0.029999537114445394, "learning_rate": 0.00017967458531188373}
{"phase": "TRAINING", "arm": "command_on", "epoch": 5, "epochs": 10, "epoch_cursor": 25600, "anchors_per_epoch": 36726, "optimizer_steps": 5392, "elapsed_seconds": 2654.8039219130005, "train_l1_m": 0.029811211766189505, "learning_rate": 0.00017783702360044375}
{"phase": "TRAINING", "arm": "command_on", "epoch": 5, "epochs": 10, "epoch_cursor": 27200, "anchors_per_epoch": 36726, "optimizer_steps": 5442, "elapsed_seconds": 2672.1859275829993, "train_l1_m": 0.029823427929428416, "learning_rate": 0.00017599705855826127}
{"phase": "TRAINING", "arm": "command_on", "epoch": 5, "epochs": 10, "epoch_cursor": 28800, "anchors_per_epoch": 36726, "optimizer_steps": 5492, "elapsed_seconds": 2689.7218739239997, "train_l1_m": 0.029592426851802054, "learning_rate": 0.0001741550346611816}
{"phase": "TRAINING", "arm": "command_on", "epoch": 5, "epochs": 10, "epoch_cursor": 30400, "anchors_per_epoch": 36726, "optimizer_steps": 5542, "elapsed_seconds": 2707.6392307509996, "train_l1_m": 0.029481858186203483, "learning_rate": 0.00017231129677050528}
{"phase": "TRAINING", "arm": "command_on", "epoch": 5, "epochs": 10, "epoch_cursor": 32000, "anchors_per_epoch": 36726, "optimizer_steps": 5592, "elapsed_seconds": 2725.0465969769994, "train_l1_m": 0.029365614758011832, "learning_rate": 0.00017046619006842533}
{"phase": "TRAINING", "arm": "command_on", "epoch": 5, "epochs": 10, "epoch_cursor": 33600, "anchors_per_epoch": 36726, "optimizer_steps": 5642, "elapsed_seconds": 2742.864373594999, "train_l1_m": 0.029139965684194594, "learning_rate": 0.0001686200599934013}
{"phase": "TRAINING", "arm": "command_on", "epoch": 5, "epochs": 10, "epoch_cursor": 35200, "anchors_per_epoch": 36726, "optimizer_steps": 5692, "elapsed_seconds": 2760.380425924999, "train_l1_m": 0.028987553375678193, "learning_rate": 0.0001667732521754876}
{"phase": "VALIDATING", "arm": "command_on", "epoch": 5, "epochs": 10, "epoch_cursor": 36726, "anchors_per_epoch": 36726, "optimizer_steps": 5740, "elapsed_seconds": 2782.530354839, "train_l1_m": 0.028810364522073605}
{"phase": "EPOCH_COMPLETE", "arm": "command_on", "epoch": 5, "epochs": 10, "epoch_cursor": 0, "anchors_per_epoch": 36726, "optimizer_steps": 5740, "elapsed_seconds": 2899.384357133, "train_l1_m": 0.028810364522073605, "train_counts": {"visited": 36726, "input_invalid": 158, "teacher_unsupported": 1208, "supported": 35360, "loss_sum_m": 1018.7344895005226}, "validation_run_macro_3s_m": 0.09157040435820818, "validation_ade_m": 0.03058312088251114, "epoch_order_sha256": "8b166052ff8a279d1dc62cc9466356da19507ac4bcb8f62b66e41b433f689458", "best_epoch": 5}
{"phase": "TRAINING", "arm": "command_on", "epoch": 6, "epochs": 10, "epoch_cursor": 0, "anchors_per_epoch": 36726, "optimizer_steps": 5740, "elapsed_seconds": 2899.4243051329995}
{"phase": "TRAINING", "arm": "command_on", "epoch": 6, "epochs": 10, "epoch_cursor": 1600, "anchors_per_epoch": 36726, "optimizer_steps": 5790, "elapsed_seconds": 2935.5517831630004, "train_l1_m": 0.027235478801801657, "learning_rate": 0.00016315286683608285}
{"phase": "TRAINING", "arm": "command_on", "epoch": 6, "epochs": 10, "epoch_cursor": 3200, "anchors_per_epoch": 36726, "optimizer_steps": 5840, "elapsed_seconds": 2953.0952074140005, "train_l1_m": 0.026798755501570272, "learning_rate": 0.00016130607948998486}
{"phase": "TRAINING", "arm": "command_on", "epoch": 6, "epochs": 10, "epoch_cursor": 4800, "anchors_per_epoch": 36726, "optimizer_steps": 5890, "elapsed_seconds": 2970.6755077870002, "train_l1_m": 0.02626239356285148, "learning_rate": 0.00015945998371484575}
{"phase": "TRAINING", "arm": "command_on", "epoch": 6, "epochs": 10, "epoch_cursor": 6400, "anchors_per_epoch": 36726, "optimizer_steps": 5940, "elapsed_seconds": 2988.1276757979995, "train_l1_m": 0.025767129273389054, "learning_rate": 0.00015761492513429826}
{"phase": "TRAINING", "arm": "command_on", "epoch": 6, "epochs": 10, "epoch_cursor": 8000, "anchors_per_epoch": 36726, "optimizer_steps": 5990, "elapsed_seconds": 3005.8574792229992, "train_l1_m": 0.025831260616430325, "learning_rate": 0.0001557712491777929}
{"phase": "TRAINING", "arm": "command_on", "epoch": 6, "epochs": 10, "epoch_cursor": 9600, "anchors_per_epoch": 36726, "optimizer_steps": 6040, "elapsed_seconds": 3023.581910548999, "train_l1_m": 0.02620028068978242, "learning_rate": 0.00015392930101592716}
{"phase": "TRAINING", "arm": "command_on", "epoch": 6, "epochs": 10, "epoch_cursor": 11200, "anchors_per_epoch": 36726, "optimizer_steps": 6090, "elapsed_seconds": 3041.1211958040003, "train_l1_m": 0.025768426224723518, "learning_rate": 0.00015208942549582282}
{"phase": "TRAINING", "arm": "command_on", "epoch": 6, "epochs": 10, "epoch_cursor": 12800, "anchors_per_epoch": 36726, "optimizer_steps": 6140, "elapsed_seconds": 3058.5782856139995, "train_l1_m": 0.025353646118596352, "learning_rate": 0.00015025196707656472}
{"phase": "TRAINING", "arm": "command_on", "epoch": 6, "epochs": 10, "epoch_cursor": 14400, "anchors_per_epoch": 36726, "optimizer_steps": 6190, "elapsed_seconds": 3076.2137809260003, "train_l1_m": 0.02497168636172235, "learning_rate": 0.00014841726976471106}
{"phase": "TRAINING", "arm": "command_on", "epoch": 6, "epochs": 10, "epoch_cursor": 16000, "anchors_per_epoch": 36726, "optimizer_steps": 6240, "elapsed_seconds": 3093.5796948370007, "train_l1_m": 0.02468386511600852, "learning_rate": 0.00014658567704988905}
{"phase": "TRAINING", "arm": "command_on", "epoch": 6, "epochs": 10, "epoch_cursor": 17600, "anchors_per_epoch": 36726, "optimizer_steps": 6290, "elapsed_seconds": 3111.0709260959993, "train_l1_m": 0.02462461550426844, "learning_rate": 0.00014475753184048758}
{"phase": "TRAINING", "arm": "command_on", "epoch": 6, "epochs": 10, "epoch_cursor": 19200, "anchors_per_epoch": 36726, "optimizer_steps": 6340, "elapsed_seconds": 3128.2745706589994, "train_l1_m": 0.02431264919348749, "learning_rate": 0.00014293317639945798}
{"phase": "TRAINING", "arm": "command_on", "epoch": 6, "epochs": 10, "epoch_cursor": 20800, "anchors_per_epoch": 36726, "optimizer_steps": 6390, "elapsed_seconds": 3145.566801818999, "train_l1_m": 0.02422880809360997, "learning_rate": 0.00014111295228023577}
{"phase": "TRAINING", "arm": "command_on", "epoch": 6, "epochs": 10, "epoch_cursor": 22400, "anchors_per_epoch": 36726, "optimizer_steps": 6440, "elapsed_seconds": 3162.799516375, "train_l1_m": 0.02424611852351874, "learning_rate": 0.00013929720026279626}
{"phase": "TRAINING", "arm": "command_on", "epoch": 6, "epochs": 10, "epoch_cursor": 24000, "anchors_per_epoch": 36726, "optimizer_steps": 6490, "elapsed_seconds": 3180.1574919600007, "train_l1_m": 0.02425961039775467, "learning_rate": 0.00013748626028985348}
{"phase": "TRAINING", "arm": "command_on", "epoch": 6, "epochs": 10, "epoch_cursor": 25600, "anchors_per_epoch": 36726, "optimizer_steps": 6540, "elapsed_seconds": 3197.9353185260006, "train_l1_m": 0.024330830586135655, "learning_rate": 0.00013568047140321697}
{"phase": "TRAINING", "arm": "command_on", "epoch": 6, "epochs": 10, "epoch_cursor": 27200, "anchors_per_epoch": 36726, "optimizer_steps": 6590, "elapsed_seconds": 3215.4763735609995, "train_l1_m": 0.024145226783042522, "learning_rate": 0.00013388017168031668}
{"phase": "TRAINING", "arm": "command_on", "epoch": 6, "epochs": 10, "epoch_cursor": 28800, "anchors_per_epoch": 36726, "optimizer_steps": 6640, "elapsed_seconds": 3233.0114354100006, "train_l1_m": 0.02397630861276983, "learning_rate": 0.00013208569817090807}
{"phase": "TRAINING", "arm": "command_on", "epoch": 6, "epochs": 10, "epoch_cursor": 30400, "anchors_per_epoch": 36726, "optimizer_steps": 6690, "elapsed_seconds": 3250.916539628999, "train_l1_m": 0.023891902686818716, "learning_rate": 0.0001302973868339712}
{"phase": "TRAINING", "arm": "command_on", "epoch": 6, "epochs": 10, "epoch_cursor": 32000, "anchors_per_epoch": 36726, "optimizer_steps": 6740, "elapsed_seconds": 3268.580951856, "train_l1_m": 0.023830391448961607, "learning_rate": 0.00012851557247481178}
{"phase": "TRAINING", "arm": "command_on", "epoch": 6, "epochs": 10, "epoch_cursor": 33600, "anchors_per_epoch": 36726, "optimizer_steps": 6790, "elapsed_seconds": 3286.255511064999, "train_l1_m": 0.023657512044891877, "learning_rate": 0.00012674058868238}
{"phase": "TRAINING", "arm": "command_on", "epoch": 6, "epochs": 10, "epoch_cursor": 35200, "anchors_per_epoch": 36726, "optimizer_steps": 6840, "elapsed_seconds": 3303.751582257999, "train_l1_m": 0.023623660500853228, "learning_rate": 0.0001249727677668163}
{"phase": "VALIDATING", "arm": "command_on", "epoch": 6, "epochs": 10, "epoch_cursor": 36726, "anchors_per_epoch": 36726, "optimizer_steps": 6888, "elapsed_seconds": 3325.7674226319996, "train_l1_m": 0.023546376802465494}
{"phase": "EPOCH_COMPLETE", "arm": "command_on", "epoch": 6, "epochs": 10, "epoch_cursor": 0, "anchors_per_epoch": 36726, "optimizer_steps": 6888, "elapsed_seconds": 3442.51283451, "train_l1_m": 0.023546376802465494, "train_counts": {"visited": 36726, "input_invalid": 158, "teacher_unsupported": 1208, "supported": 35360, "loss_sum_m": 832.5998837351799}, "validation_run_macro_3s_m": 0.0901081832125783, "validation_ade_m": 0.029465103521943092, "epoch_order_sha256": "fb344e2f115a25a5295df90030948822b79667e93595fb877de76b4624e90002", "best_epoch": 6}
{"phase": "TRAINING", "arm": "command_on", "epoch": 7, "epochs": 10, "epoch_cursor": 0, "anchors_per_epoch": 36726, "optimizer_steps": 6888, "elapsed_seconds": 3442.563531509999}
{"phase": "TRAINING", "arm": "command_on", "epoch": 7, "epochs": 10, "epoch_cursor": 1600, "anchors_per_epoch": 36726, "optimizer_steps": 6938, "elapsed_seconds": 3478.9407751910003, "train_l1_m": 0.02197931225094677, "learning_rate": 0.00012152988285595527}
{"phase": "TRAINING", "arm": "command_on", "epoch": 7, "epochs": 10, "epoch_cursor": 3200, "anchors_per_epoch": 36726, "optimizer_steps": 6988, "elapsed_seconds": 3496.6014151580002, "train_l1_m": 0.02238768587106228, "learning_rate": 0.00011978519837089297}
{"phase": "TRAINING", "arm": "command_on", "epoch": 7, "epochs": 10, "epoch_cursor": 4800, "anchors_per_epoch": 36726, "optimizer_steps": 7038, "elapsed_seconds": 3514.3499399869997, "train_l1_m": 0.021435535698806428, "learning_rate": 0.00011804897894176158}
{"phase": "TRAINING", "arm": "command_on", "epoch": 7, "epochs": 10, "epoch_cursor": 6400, "anchors_per_epoch": 36726, "optimizer_steps": 7088, "elapsed_seconds": 3531.7977261310007, "train_l1_m": 0.021738308838490893, "learning_rate": 0.00011632154962128822}
{"phase": "TRAINING", "arm": "command_on", "epoch": 7, "epochs": 10, "epoch_cursor": 8000, "anchors_per_epoch": 36726, "optimizer_steps": 7138, "elapsed_seconds": 3549.344717951999, "train_l1_m": 0.021422886846129557, "learning_rate": 0.00011460323381652718}
{"phase": "TRAINING", "arm": "command_on", "epoch": 7, "epochs": 10, "epoch_cursor": 9600, "anchors_per_epoch": 36726, "optimizer_steps": 7188, "elapsed_seconds": 3566.902061883, "train_l1_m": 0.020944119488977717, "learning_rate": 0.00011289435322831265}
{"phase": "TRAINING", "arm": "command_on", "epoch": 7, "epochs": 10, "epoch_cursor": 11200, "anchors_per_epoch": 36726, "optimizer_steps": 7238, "elapsed_seconds": 3584.5454226750007, "train_l1_m": 0.021163444852143994, "learning_rate": 0.00011119522779102965}
{"phase": "TRAINING", "arm": "command_on", "epoch": 7, "epochs": 10, "epoch_cursor": 12800, "anchors_per_epoch": 36726, "optimizer_steps": 7288, "elapsed_seconds": 3602.6747534549995, "train_l1_m": 0.021356683549100103, "learning_rate": 0.0001095061756127169}
{"phase": "TRAINING", "arm": "command_on", "epoch": 7, "epochs": 10, "epoch_cursor": 14400, "anchors_per_epoch": 36726, "optimizer_steps": 7338, "elapsed_seconds": 3619.9920606239994, "train_l1_m": 0.021609954676011674, "learning_rate": 0.00010782751291551046}
{"phase": "TRAINING", "arm": "command_on", "epoch": 7, "epochs": 10, "epoch_cursor": 16000, "anchors_per_epoch": 36726, "optimizer_steps": 7388, "elapsed_seconds": 3637.26525176, "train_l1_m": 0.02131519614586844, "learning_rate": 0.00010615955397644165}
{"phase": "TRAINING", "arm": "command_on", "epoch": 7, "epochs": 10, "epoch_cursor": 17600, "anchors_per_epoch": 36726, "optimizer_steps": 7438, "elapsed_seconds": 3654.5254794089997, "train_l1_m": 0.021336821640769894, "learning_rate": 0.00010450261106859804}
{"phase": "TRAINING", "arm": "command_on", "epoch": 7, "epochs": 10, "epoch_cursor": 19200, "anchors_per_epoch": 36726, "optimizer_steps": 7488, "elapsed_seconds": 3671.847461673, "train_l1_m": 0.021258174299206987, "learning_rate": 0.00010285699440266009}
{"phase": "TRAINING", "arm": "command_on", "epoch": 7, "epochs": 10, "epoch_cursor": 20800, "anchors_per_epoch": 36726, "optimizer_steps": 7538, "elapsed_seconds": 3689.558678928999, "train_l1_m": 0.02113049540886439, "learning_rate": 0.00010122301206882446}
{"phase": "TRAINING", "arm": "command_on", "epoch": 7, "epochs": 10, "epoch_cursor": 22400, "anchors_per_epoch": 36726, "optimizer_steps": 7588, "elapsed_seconds": 3706.944141688, "train_l1_m": 0.02105021012586173, "learning_rate": 9.960096997912311e-05}
{"phase": "TRAINING", "arm": "command_on", "epoch": 7, "epochs": 10, "epoch_cursor": 24000, "anchors_per_epoch": 36726, "optimizer_steps": 7638, "elapsed_seconds": 3724.209481382999, "train_l1_m": 0.021016811678581312, "learning_rate": 9.799117181015134e-05}
{"phase": "TRAINING", "arm": "command_on", "epoch": 7, "epochs": 10, "epoch_cursor": 25600, "anchors_per_epoch": 36726, "optimizer_steps": 7688, "elapsed_seconds": 3741.4778647929998, "train_l1_m": 0.020892502457568417, "learning_rate": 9.639391894621354e-05}
{"phase": "TRAINING", "arm": "command_on", "epoch": 7, "epochs": 10, "epoch_cursor": 27200, "anchors_per_epoch": 36726, "optimizer_steps": 7738, "elapsed_seconds": 3758.7515889629994, "train_l1_m": 0.02076149118138259, "learning_rate": 9.480951042289859e-05}
{"phase": "TRAINING", "arm": "command_on", "epoch": 7, "epochs": 10, "epoch_cursor": 28800, "anchors_per_epoch": 36726, "optimizer_steps": 7788, "elapsed_seconds": 3776.2391133290002, "train_l1_m": 0.020515003434805824, "learning_rate": 9.323824287109452e-05}
{"phase": "TRAINING", "arm": "command_on", "epoch": 7, "epochs": 10, "epoch_cursor": 30400, "anchors_per_epoch": 36726, "optimizer_steps": 7838, "elapsed_seconds": 3793.8781061419995, "train_l1_m": 0.020411665911239146, "learning_rate": 9.168041046145418e-05}
{"phase": "TRAINING", "arm": "command_on", "epoch": 7, "epochs": 10, "epoch_cursor": 32000, "anchors_per_epoch": 36726, "optimizer_steps": 7888, "elapsed_seconds": 3811.0774628729996, "train_l1_m": 0.0203674566070222, "learning_rate": 9.013630484932045e-05}
{"phase": "TRAINING", "arm": "command_on", "epoch": 7, "epochs": 10, "epoch_cursor": 33600, "anchors_per_epoch": 36726, "optimizer_steps": 7938, "elapsed_seconds": 3828.550098259, "train_l1_m": 0.02021644801816239, "learning_rate": 8.860621512012351e-05}
{"phase": "TRAINING", "arm": "command_on", "epoch": 7, "epochs": 10, "epoch_cursor": 35200, "anchors_per_epoch": 36726, "optimizer_steps": 7988, "elapsed_seconds": 3846.0944166980007, "train_l1_m": 0.020157184708553127, "learning_rate": 8.709042773525792e-05}
{"phase": "VALIDATING", "arm": "command_on", "epoch": 7, "epochs": 10, "epoch_cursor": 36726, "anchors_per_epoch": 36726, "optimizer_steps": 8036, "elapsed_seconds": 3868.2079633739995, "train_l1_m": 0.020157691456242653}
{"phase": "EPOCH_COMPLETE", "arm": "command_on", "epoch": 7, "epochs": 10, "epoch_cursor": 0, "anchors_per_epoch": 36726, "optimizer_steps": 8036, "elapsed_seconds": 3984.4929989310003, "train_l1_m": 0.020157691456242653, "train_counts": {"visited": 36726, "input_invalid": 158, "teacher_unsupported": 1208, "supported": 35360, "loss_sum_m": 712.7759698927402}, "validation_run_macro_3s_m": 0.07604406774044037, "validation_ade_m": 0.026298897340893745, "epoch_order_sha256": "60ddc0ab665264641d187761735de3d794f89a6040d17f7a8f9c65fedcf0d4d1", "best_epoch": 7}
{"phase": "TRAINING", "arm": "command_on", "epoch": 8, "epochs": 10, "epoch_cursor": 0, "anchors_per_epoch": 36726, "optimizer_steps": 8036, "elapsed_seconds": 3984.537843230999}
{"phase": "TRAINING", "arm": "command_on", "epoch": 8, "epochs": 10, "epoch_cursor": 1600, "anchors_per_epoch": 36726, "optimizer_steps": 8086, "elapsed_seconds": 4020.4374849329997, "train_l1_m": 0.017237622448188133, "learning_rate": 8.416205681600527e-05}
{"phase": "TRAINING", "arm": "command_on", "epoch": 8, "epochs": 10, "epoch_cursor": 3200, "anchors_per_epoch": 36726, "optimizer_steps": 8136, "elapsed_seconds": 4037.936713227, "train_l1_m": 0.01758819306906349, "learning_rate": 8.269025706530835e-05}
{"phase": "TRAINING", "arm": "command_on", "epoch": 8, "epochs": 10, "epoch_cursor": 4800, "anchors_per_epoch": 36726, "optimizer_steps": 8186, "elapsed_seconds": 4055.4725371660006, "train_l1_m": 0.017561983577341424, "learning_rate": 8.123386723686007e-05}
{"phase": "TRAINING", "arm": "command_on", "epoch": 8, "epochs": 10, "epoch_cursor": 6400, "anchors_per_epoch": 36726, "optimizer_steps": 8236, "elapsed_seconds": 4073.212691515, "train_l1_m": 0.01754852587306298, "learning_rate": 7.979315999405635e-05}
{"phase": "TRAINING", "arm": "command_on", "epoch": 8, "epochs": 10, "epoch_cursor": 8000, "anchors_per_epoch": 36726, "optimizer_steps": 8286, "elapsed_seconds": 4091.1839281249995, "train_l1_m": 0.017186770987321975, "learning_rate": 7.836840506421984e-05}
{"phase": "TRAINING", "arm": "command_on", "epoch": 8, "epochs": 10, "epoch_cursor": 9600, "anchors_per_epoch": 36726, "optimizer_steps": 8336, "elapsed_seconds": 4108.833805095001, "train_l1_m": 0.017455016824848207, "learning_rate": 7.695986918810224e-05}
{"phase": "TRAINING", "arm": "command_on", "epoch": 8, "epochs": 10, "epoch_cursor": 11200, "anchors_per_epoch": 36726, "optimizer_steps": 8386, "elapsed_seconds": 4126.210032661, "train_l1_m": 0.017174988188045318, "learning_rate": 7.556781606994501e-05}
{"phase": "TRAINING", "arm": "command_on", "epoch": 8, "epochs": 10, "epoch_cursor": 12800, "anchors_per_epoch": 36726, "optimizer_steps": 8436, "elapsed_seconds": 4143.767279424001, "train_l1_m": 0.01714864845208174, "learning_rate": 7.41925063281094e-05}
{"phase": "TRAINING", "arm": "command_on", "epoch": 8, "epochs": 10, "epoch_cursor": 14400, "anchors_per_epoch": 36726, "optimizer_steps": 8486, "elapsed_seconds": 4161.2437549490005, "train_l1_m": 0.017160323067828342, "learning_rate": 7.283419744628372e-05}
{"phase": "TRAINING", "arm": "command_on", "epoch": 8, "epochs": 10, "epoch_cursor": 16000, "anchors_per_epoch": 36726, "optimizer_steps": 8536, "elapsed_seconds": 4178.84008984, "train_l1_m": 0.01712165780261074, "learning_rate": 7.149314372527735e-05}
{"phase": "TRAINING", "arm": "command_on", "epoch": 8, "epochs": 10, "epoch_cursor": 17600, "anchors_per_epoch": 36726, "optimizer_steps": 8586, "elapsed_seconds": 4196.07203705, "train_l1_m": 0.017164542989048796, "learning_rate": 7.016959623541133e-05}
{"phase": "TRAINING", "arm": "command_on", "epoch": 8, "epochs": 10, "epoch_cursor": 19200, "anchors_per_epoch": 36726, "optimizer_steps": 8636, "elapsed_seconds": 4213.405682918999, "train_l1_m": 0.01730848454945796, "learning_rate": 6.886380276951283e-05}
{"phase": "TRAINING", "arm": "command_on", "epoch": 8, "epochs": 10, "epoch_cursor": 20800, "anchors_per_epoch": 36726, "optimizer_steps": 8686, "elapsed_seconds": 4230.534718610001, "train_l1_m": 0.017136797581041613, "learning_rate": 6.75760077965239e-05}
{"phase": "TRAINING", "arm": "command_on", "epoch": 8, "epochs": 10, "epoch_cursor": 22400, "anchors_per_epoch": 36726, "optimizer_steps": 8736, "elapsed_seconds": 4247.765898706999, "train_l1_m": 0.017096634695081492, "learning_rate": 6.63064524157325e-05}
{"phase": "TRAINING", "arm": "command_on", "epoch": 8, "epochs": 10, "epoch_cursor": 24000, "anchors_per_epoch": 36726, "optimizer_steps": 8786, "elapsed_seconds": 4265.190021548, "train_l1_m": 0.017003591657252636, "learning_rate": 6.505537431163405e-05}
{"phase": "TRAINING", "arm": "command_on", "epoch": 8, "epochs": 10, "epoch_cursor": 25600, "anchors_per_epoch": 36726, "optimizer_steps": 8836, "elapsed_seconds": 4282.715142846, "train_l1_m": 0.016812987626203417, "learning_rate": 6.382300770943208e-05}
{"phase": "TRAINING", "arm": "command_on", "epoch": 8, "epochs": 10, "epoch_cursor": 27200, "anchors_per_epoch": 36726, "optimizer_steps": 8886, "elapsed_seconds": 4300.314540621999, "train_l1_m": 0.0167132619753443, "learning_rate": 6.260958333118778e-05}
{"phase": "TRAINING", "arm": "command_on", "epoch": 8, "epochs": 10, "epoch_cursor": 28800, "anchors_per_epoch": 36726, "optimizer_steps": 8936, "elapsed_seconds": 4318.647546369999, "train_l1_m": 0.016705711195443194, "learning_rate": 6.14153283526234e-05}
{"phase": "TRAINING", "arm": "command_on", "epoch": 8, "epochs": 10, "epoch_cursor": 30400, "anchors_per_epoch": 36726, "optimizer_steps": 8986, "elapsed_seconds": 4336.293225338, "train_l1_m": 0.016704062548883746, "learning_rate": 6.024046636059182e-05}
{"phase": "TRAINING", "arm": "command_on", "epoch": 8, "epochs": 10, "epoch_cursor": 32000, "anchors_per_epoch": 36726, "optimizer_steps": 9036, "elapsed_seconds": 4356.756446485, "train_l1_m": 0.016678973517535327, "learning_rate": 5.9085217311215966e-05}
{"phase": "TRAINING", "arm": "command_on", "epoch": 8, "epochs": 10, "epoch_cursor": 33600, "anchors_per_epoch": 36726, "optimizer_steps": 9086, "elapsed_seconds": 4374.940059621, "train_l1_m": 0.016582023247973754, "learning_rate": 5.794979748870959e-05}
{"phase": "TRAINING", "arm": "command_on", "epoch": 8, "epochs": 10, "epoch_cursor": 35200, "anchors_per_epoch": 36726, "optimizer_steps": 9136, "elapsed_seconds": 4392.851816286, "train_l1_m": 0.016571141616101286, "learning_rate": 5.683441946488457e-05}
{"phase": "VALIDATING", "arm": "command_on", "epoch": 8, "epochs": 10, "epoch_cursor": 36726, "anchors_per_epoch": 36726, "optimizer_steps": 9184, "elapsed_seconds": 4415.0284347140005, "train_l1_m": 0.016522291215448494}
{"phase": "EPOCH_COMPLETE", "arm": "command_on", "epoch": 8, "epochs": 10, "epoch_cursor": 0, "anchors_per_epoch": 36726, "optimizer_steps": 9184, "elapsed_seconds": 4535.736069848999, "train_l1_m": 0.016522291215448494, "train_counts": {"visited": 36726, "input_invalid": 158, "teacher_unsupported": 1208, "supported": 35360, "loss_sum_m": 584.2282173782587}, "validation_run_macro_3s_m": 0.06445934623479843, "validation_ade_m": 0.020980650559067726, "epoch_order_sha256": "b1cb354ebcc61d5729594c463657f8562a4d10446b818b67a4bd7a034aeec3ad", "best_epoch": 8}
{"phase": "TRAINING", "arm": "command_on", "epoch": 9, "epochs": 10, "epoch_cursor": 0, "anchors_per_epoch": 36726, "optimizer_steps": 9184, "elapsed_seconds": 4535.780056149}
{"phase": "TRAINING", "arm": "command_on", "epoch": 9, "epochs": 10, "epoch_cursor": 1600, "anchors_per_epoch": 36726, "optimizer_steps": 9234, "elapsed_seconds": 4572.570830392, "train_l1_m": 0.01595399816703183, "learning_rate": 5.470721188597666e-05}
{"phase": "TRAINING", "arm": "command_on", "epoch": 9, "epochs": 10, "epoch_cursor": 3200, "anchors_per_epoch": 36726, "optimizer_steps": 9284, "elapsed_seconds": 4590.786004977001, "train_l1_m": 0.015392556815359533, "learning_rate": 5.365236688387509e-05}
{"phase": "TRAINING", "arm": "command_on", "epoch": 9, "epochs": 10, "epoch_cursor": 4800, "anchors_per_epoch": 36726, "optimizer_steps": 9334, "elapsed_seconds": 4609.248836232, "train_l1_m": 0.015552380678467629, "learning_rate": 5.2618368239783064e-05}
{"phase": "TRAINING", "arm": "command_on", "epoch": 9, "epochs": 10, "epoch_cursor": 6400, "anchors_per_epoch": 36726, "optimizer_steps": 9384, "elapsed_seconds": 4627.361495560001, "train_l1_m": 0.01585070141214383, "learning_rate": 5.1605409537572276e-05}
{"phase": "TRAINING", "arm": "command_on", "epoch": 9, "epochs": 10, "epoch_cursor": 8000, "anchors_per_epoch": 36726, "optimizer_steps": 9434, "elapsed_seconds": 4645.694611669, "train_l1_m": 0.016068543572540787, "learning_rate": 5.0613680422044024e-05}
{"phase": "TRAINING", "arm": "command_on", "epoch": 9, "epochs": 10, "epoch_cursor": 9600, "anchors_per_epoch": 36726, "optimizer_steps": 9484, "elapsed_seconds": 4663.965445071999, "train_l1_m": 0.01592489378737786, "learning_rate": 4.9643366563424104e-05}
{"phase": "TRAINING", "arm": "command_on", "epoch": 9, "epochs": 10, "epoch_cursor": 11200, "anchors_per_epoch": 36726, "optimizer_steps": 9534, "elapsed_seconds": 4683.145729939, "train_l1_m": 0.016016037976376143, "learning_rate": 4.86946496226022e-05}
{"phase": "TRAINING", "arm": "command_on", "epoch": 9, "epochs": 10, "epoch_cursor": 12800, "anchors_per_epoch": 36726, "optimizer_steps": 9584, "elapsed_seconds": 4701.2439950650005, "train_l1_m": 0.01593093760598002, "learning_rate": 4.7767707217121005e-05}
{"phase": "TRAINING", "arm": "command_on", "epoch": 9, "epochs": 10, "epoch_cursor": 14400, "anchors_per_epoch": 36726, "optimizer_steps": 9634, "elapsed_seconds": 4719.226824152, "train_l1_m": 0.015760221132783615, "learning_rate": 4.686271288792351e-05}
{"phase": "TRAINING", "arm": "command_on", "epoch": 9, "epochs": 10, "epoch_cursor": 16000, "anchors_per_epoch": 36726, "optimizer_steps": 9684, "elapsed_seconds": 4737.12384212, "train_l1_m": 0.015735211546362027, "learning_rate": 4.59798360668625e-05}
{"phase": "TRAINING", "arm": "command_on", "epoch": 9, "epochs": 10, "epoch_cursor": 17600, "anchors_per_epoch": 36726, "optimizer_steps": 9734, "elapsed_seconds": 4755.191421857, "train_l1_m": 0.015690419072439007, "learning_rate": 4.511924204497977e-05}
{"phase": "TRAINING", "arm": "command_on", "epoch": 9, "epochs": 10, "epoch_cursor": 19200, "anchors_per_epoch": 36726, "optimizer_steps": 9784, "elapsed_seconds": 4773.461139006, "train_l1_m": 0.015665464218934104, "learning_rate": 4.428109194156084e-05}
{"phase": "TRAINING", "arm": "command_on", "epoch": 9, "epochs": 10, "epoch_cursor": 20800, "anchors_per_epoch": 36726, "optimizer_steps": 9834, "elapsed_seconds": 4791.176790054, "train_l1_m": 0.01564404498195169, "learning_rate": 4.346554267397008e-05}
{"phase": "TRAINING", "arm": "command_on", "epoch": 9, "epochs": 10, "epoch_cursor": 22400, "anchors_per_epoch": 36726, "optimizer_steps": 9884, "elapsed_seconds": 4809.14086358, "train_l1_m": 0.015594138056480836, "learning_rate": 4.2672746928273085e-05}
{"phase": "TRAINING", "arm": "command_on", "epoch": 9, "epochs": 10, "epoch_cursor": 24000, "anchors_per_epoch": 36726, "optimizer_steps": 9934, "elapsed_seconds": 4826.961316444, "train_l1_m": 0.01549784693010502, "learning_rate": 4.190285313065074e-05}
{"phase": "TRAINING", "arm": "command_on", "epoch": 9, "epochs": 10, "epoch_cursor": 25600, "anchors_per_epoch": 36726, "optimizer_steps": 9984, "elapsed_seconds": 4844.934767931998, "train_l1_m": 0.015580962929159156, "learning_rate": 4.1156005419611324e-05}
{"phase": "TRAINING", "arm": "command_on", "epoch": 9, "epochs": 10, "epoch_cursor": 27200, "anchors_per_epoch": 36726, "optimizer_steps": 10034, "elapsed_seconds": 4863.509556427998, "train_l1_m": 0.015580516629366119, "learning_rate": 4.043234361900496e-05}
{"phase": "TRAINING", "arm": "command_on", "epoch": 9, "epochs": 10, "epoch_cursor": 28800, "anchors_per_epoch": 36726, "optimizer_steps": 10084, "elapsed_seconds": 4881.671871754999, "train_l1_m": 0.015528658360883464, "learning_rate": 3.9732003211845955e-05}
{"phase": "TRAINING", "arm": "command_on", "epoch": 9, "epochs": 10, "epoch_cursor": 30400, "anchors_per_epoch": 36726, "optimizer_steps": 10134, "elapsed_seconds": 4899.884889842, "train_l1_m": 0.015474519271251529, "learning_rate": 3.905511531494792e-05}
{"phase": "TRAINING", "arm": "command_on", "epoch": 9, "epochs": 10, "epoch_cursor": 32000, "anchors_per_epoch": 36726, "optimizer_steps": 10184, "elapsed_seconds": 4917.737009597, "train_l1_m": 0.015415003327111794, "learning_rate": 3.840180665437626e-05}
{"phase": "TRAINING", "arm": "command_on", "epoch": 9, "epochs": 10, "epoch_cursor": 33600, "anchors_per_epoch": 36726, "optimizer_steps": 10234, "elapsed_seconds": 4935.724039212, "train_l1_m": 0.015433791805607803, "learning_rate": 3.777219954172246e-05}
{"phase": "TRAINING", "arm": "command_on", "epoch": 9, "epochs": 10, "epoch_cursor": 35200, "anchors_per_epoch": 36726, "optimizer_steps": 10284, "elapsed_seconds": 4954.029324701998, "train_l1_m": 0.015410704512895603, "learning_rate": 3.716641185120551e-05}
{"phase": "VALIDATING", "arm": "command_on", "epoch": 9, "epochs": 10, "epoch_cursor": 36726, "anchors_per_epoch": 36726, "optimizer_steps": 10332, "elapsed_seconds": 4976.8196302100005, "train_l1_m": 0.015304357306483914}
{"phase": "EPOCH_COMPLETE", "arm": "command_on", "epoch": 9, "epochs": 10, "epoch_cursor": 0, "anchors_per_epoch": 36726, "optimizer_steps": 10332, "elapsed_seconds": 5122.642245644001, "train_l1_m": 0.015304357306483914, "train_counts": {"visited": 36726, "input_invalid": 158, "teacher_unsupported": 1208, "supported": 35360, "loss_sum_m": 541.1620743572712}, "validation_run_macro_3s_m": 0.06870630569756031, "validation_ade_m": 0.022114815190434456, "epoch_order_sha256": "f9bd7d1115a613d20b87550fa0f09280fbff243bb17a5f17fa0521d88665abb6", "best_epoch": 8}
{"phase": "TRAINING", "arm": "command_on", "epoch": 10, "epochs": 10, "epoch_cursor": 0, "anchors_per_epoch": 36726, "optimizer_steps": 10332, "elapsed_seconds": 5122.683164844999}
{"phase": "TRAINING", "arm": "command_on", "epoch": 10, "epochs": 10, "epoch_cursor": 1600, "anchors_per_epoch": 36726, "optimizer_steps": 10382, "elapsed_seconds": 5161.647694918, "train_l1_m": 0.013962682795324761, "learning_rate": 3.604859351159263e-05}
{"phase": "TRAINING", "arm": "command_on", "epoch": 10, "epochs": 10, "epoch_cursor": 3200, "anchors_per_epoch": 36726, "optimizer_steps": 10432, "elapsed_seconds": 5180.167512278, "train_l1_m": 0.014087448626718114, "learning_rate": 3.551395883642938e-05}
{"phase": "TRAINING", "arm": "command_on", "epoch": 10, "epochs": 10, "epoch_cursor": 4800, "anchors_per_epoch": 36726, "optimizer_steps": 10482, "elapsed_seconds": 5198.611825123, "train_l1_m": 0.01411731780501845, "learning_rate": 3.5003566368269554e-05}
{"phase": "TRAINING", "arm": "command_on", "epoch": 10, "epochs": 10, "epoch_cursor": 6400, "anchors_per_epoch": 36726, "optimizer_steps": 10532, "elapsed_seconds": 5217.224422112999, "train_l1_m": 0.01456829140282543, "learning_rate": 3.451751166212243e-05}
{"phase": "TRAINING", "arm": "command_on", "epoch": 10, "epochs": 10, "epoch_cursor": 8000, "anchors_per_epoch": 36726, "optimizer_steps": 10582, "elapsed_seconds": 5235.850324206, "train_l1_m": 0.014669371204898833, "learning_rate": 3.4055885716513396e-05}
{"phase": "TRAINING", "arm": "command_on", "epoch": 10, "epochs": 10, "epoch_cursor": 9600, "anchors_per_epoch": 36726, "optimizer_steps": 10632, "elapsed_seconds": 5254.673883069001, "train_l1_m": 0.014912530818450943, "learning_rate": 3.361877495644724e-05}
{"phase": "TRAINING", "arm": "command_on", "epoch": 10, "epochs": 10, "epoch_cursor": 11200, "anchors_per_epoch": 36726, "optimizer_steps": 10682, "elapsed_seconds": 5273.3311782659985, "train_l1_m": 0.01481625546991461, "learning_rate": 3.320626121722789e-05}
{"phase": "TRAINING", "arm": "command_on", "epoch": 10, "epochs": 10, "epoch_cursor": 12800, "anchors_per_epoch": 36726, "optimizer_steps": 10732, "elapsed_seconds": 5292.5684722900005, "train_l1_m": 0.014615455099908156, "learning_rate": 3.281842172913716e-05}
{"phase": "TRAINING", "arm": "command_on", "epoch": 10, "epochs": 10, "epoch_cursor": 14400, "anchors_per_epoch": 36726, "optimizer_steps": 10782, "elapsed_seconds": 5311.446284008001, "train_l1_m": 0.014540530722409652, "learning_rate": 3.2455329102976005e-05}
{"phase": "TRAINING", "arm": "command_on", "epoch": 10, "epochs": 10, "epoch_cursor": 16000, "anchors_per_epoch": 36726, "optimizer_steps": 10832, "elapsed_seconds": 5329.281446320001, "train_l1_m": 0.014592252036607753, "learning_rate": 3.211705131647025e-05}
{"phase": "TRAINING", "arm": "command_on", "epoch": 10, "epochs": 10, "epoch_cursor": 17600, "anchors_per_epoch": 36726, "optimizer_steps": 10882, "elapsed_seconds": 5348.557676371001, "train_l1_m": 0.014500913821505357, "learning_rate": 3.180365170154392e-05}
{"phase": "TRAINING", "arm": "command_on", "epoch": 10, "epochs": 10, "epoch_cursor": 19200, "anchors_per_epoch": 36726, "optimizer_steps": 10932, "elapsed_seconds": 5368.951258689998, "train_l1_m": 0.014449512509837436, "learning_rate": 3.15151889324624e-05}
{"phase": "TRAINING", "arm": "command_on", "epoch": 10, "epochs": 10, "epoch_cursor": 20800, "anchors_per_epoch": 36726, "optimizer_steps": 10982, "elapsed_seconds": 5387.240550140999, "train_l1_m": 0.014438235360701962, "learning_rate": 3.125171701484743e-05}
{"phase": "TRAINING", "arm": "command_on", "epoch": 10, "epochs": 10, "epoch_cursor": 22400, "anchors_per_epoch": 36726, "optimizer_steps": 11032, "elapsed_seconds": 5405.215398584998, "train_l1_m": 0.014371720110762588, "learning_rate": 3.10132852755663e-05}
{"phase": "TRAINING", "arm": "command_on", "epoch": 10, "epochs": 10, "epoch_cursor": 24000, "anchors_per_epoch": 36726, "optimizer_steps": 11082, "elapsed_seconds": 5423.524353280998, "train_l1_m": 0.014357787525043105, "learning_rate": 3.0799938353496895e-05}
{"phase": "TRAINING", "arm": "command_on", "epoch": 10, "epochs": 10, "epoch_cursor": 25600, "anchors_per_epoch": 36726, "optimizer_steps": 11132, "elapsed_seconds": 5441.552684343998, "train_l1_m": 0.014325765293756268, "learning_rate": 3.06117161911705e-05}
{"phase": "TRAINING", "arm": "command_on", "epoch": 10, "epochs": 10, "epoch_cursor": 27200, "anchors_per_epoch": 36726, "optimizer_steps": 11182, "elapsed_seconds": 5459.846126204, "train_l1_m": 0.014255084658769518, "learning_rate": 3.0448654027293712e-05}
{"phase": "TRAINING", "arm": "command_on", "epoch": 10, "epochs": 10, "epoch_cursor": 28800, "anchors_per_epoch": 36726, "optimizer_steps": 11232, "elapsed_seconds": 5478.263646416999, "train_l1_m": 0.014289232824797856, "learning_rate": 3.031078239015132e-05}
{"phase": "TRAINING", "arm": "command_on", "epoch": 10, "epochs": 10, "epoch_cursor": 30400, "anchors_per_epoch": 36726, "optimizer_steps": 11282, "elapsed_seconds": 5496.674639502999, "train_l1_m": 0.014281001543921297, "learning_rate": 3.01981270918906e-05}
{"phase": "TRAINING", "arm": "command_on", "epoch": 10, "epochs": 10, "epoch_cursor": 32000, "anchors_per_epoch": 36726, "optimizer_steps": 11332, "elapsed_seconds": 5515.873837946001, "train_l1_m": 0.014201431458292292, "learning_rate": 3.0110709223688914e-05}
{"phase": "TRAINING", "arm": "command_on", "epoch": 10, "epochs": 10, "epoch_cursor": 33600, "anchors_per_epoch": 36726, "optimizer_steps": 11382, "elapsed_seconds": 5534.638090314998, "train_l1_m": 0.01419133168614852, "learning_rate": 3.004854515180501e-05}
{"phase": "TRAINING", "arm": "command_on", "epoch": 10, "epochs": 10, "epoch_cursor": 35200, "anchors_per_epoch": 36726, "optimizer_steps": 11432, "elapsed_seconds": 5553.618164542, "train_l1_m": 0.014219656043579365, "learning_rate": 3.0011646514515027e-05}
{"phase": "VALIDATING", "arm": "command_on", "epoch": 10, "epochs": 10, "epoch_cursor": 36726, "anchors_per_epoch": 36726, "optimizer_steps": 11480, "elapsed_seconds": 5577.229457917001, "train_l1_m": 0.014165824724201163}
{"phase": "EPOCH_COMPLETE", "arm": "command_on", "epoch": 10, "epochs": 10, "epoch_cursor": 0, "anchors_per_epoch": 36726, "optimizer_steps": 11480, "elapsed_seconds": 5705.756672479998, "train_l1_m": 0.014165824724201163, "train_counts": {"visited": 36726, "input_invalid": 158, "teacher_unsupported": 1208, "supported": 35360, "loss_sum_m": 500.90356224775314}, "validation_run_macro_3s_m": 0.06543468777090311, "validation_ade_m": 0.022188479080796242, "epoch_order_sha256": "c807cec1947eb727be060a9d271798dae44f1eb07fac45c8dbf753469deafdd7", "best_epoch": 8}
{"phase": "RELOADING_BEST", "arm": "command_on", "epoch": 10, "epochs": 10, "epoch_cursor": 0, "anchors_per_epoch": 36726, "optimizer_steps": 11480, "elapsed_seconds": 5705.757312379999, "best_epoch": 8}
{"phase": "COMPLETE", "arm": "command_on", "epoch": 10, "epochs": 10, "epoch_cursor": 0, "anchors_per_epoch": 36726, "optimizer_steps": 11480, "elapsed_seconds": 5833.270804094998, "best_epoch": 8, "validation_run_macro_3s_m": 0.06445934623479843}
{"status": "COMPLETE", "arms": [{"arm": "command_off", "status": "COMPLETE", "config": {"image_height": 224, "image_width": 384, "lidar_points": 750, "lidar_min_range_m": 0.0, "lidar_max_range_m": 25.0, "lidar_angle_min_rad": -3.141592653589793, "ego_dim": 4, "hidden_dim": 128, "camera_tokens_hw": [4, 4], "lidar_tokens": 32, "fusion_depth": 2, "fusion_heads": 4, "max_sensor_history": 4, "max_ego_history": 10, "command_history_length": 10, "ego_history_length": 10, "history_tolerance_ns": 50000000, "use_command_history": false, "image_history_length": 4, "lidar_history_length": 4, "control_dt_sec": 0.1, "teacher_tolerance_ms": 50.0, "future_steps": 30, "future_dt_sec": 0.1, "capture_clock": "sim", "available_clock": "bag_receipt", "freeze_policy": "available_before_freeze", "pose_world_frame": "map", "pose_body_frame": "base_link", "preprocess_version": "time_preprocess_v1", "history_version": "valid_cnn_fixed_slot_masked_ego_v2"}, "plan": {"epochs": 10, "batch_size": 32, "workers": 4, "seed": 42, "learning_rate": 0.0003, "weight_decay": 0.0001, "max_grad_norm": 1.0, "precision": "bf16", "checkpoint_every_steps": 250, "log_every_batches": 50, "max_anchors": 367260, "max_optimizer_steps": 11480, "order": "seeded_per_epoch_natural_anchor_permutation", "selection": "minimum_validation_run_macro_3s_error_m", "allow_tf32": false, "cudnn_benchmark": false, "cudnn_deterministic": true, "loss_scaler": null, "device_type": "cuda", "torch_version": "2.7.1+cu128"}, "epochs_completed": 10, "optimizer_steps": 11480, "anchors_visited": 367260, "best_epoch": 10, "best_validation_run_macro_3s_m": 0.0648434953764081, "best_validation_ade_m": 0.020853815600275993, "initial_weights_sha256": "9ee60335ab543451143c6a3005d026753713724e189c4df5058b0a1d9cdf6d9a", "reload_predictions_exact": true, "best_checkpoint": "/home/thistle/e2e_autonomous/runs/time_p1_20laps_20260913/command_off/best.pt", "training_elapsed_seconds": 5882.510547000999, "scope": "offline_fixed_condition_run_holdout", "test_evaluated": false, "runtime_ready": false}, {"arm": "command_on", "status": "COMPLETE", "config": {"image_height": 224, "image_width": 384, "lidar_points": 750, "lidar_min_range_m": 0.0, "lidar_max_range_m": 25.0, "lidar_angle_min_rad": -3.141592653589793, "ego_dim": 4, "hidden_dim": 128, "camera_tokens_hw": [4, 4], "lidar_tokens": 32, "fusion_depth": 2, "fusion_heads": 4, "max_sensor_history": 4, "max_ego_history": 10, "command_history_length": 10, "ego_history_length": 10, "history_tolerance_ns": 50000000, "use_command_history": true, "image_history_length": 4, "lidar_history_length": 4, "control_dt_sec": 0.1, "teacher_tolerance_ms": 50.0, "future_steps": 30, "future_dt_sec": 0.1, "capture_clock": "sim", "available_clock": "bag_receipt", "freeze_policy": "available_before_freeze", "pose_world_frame": "map", "pose_body_frame": "base_link", "preprocess_version": "time_preprocess_v1", "history_version": "valid_cnn_fixed_slot_masked_ego_v2"}, "plan": {"epochs": 10, "batch_size": 32, "workers": 4, "seed": 42, "learning_rate": 0.0003, "weight_decay": 0.0001, "max_grad_norm": 1.0, "precision": "bf16", "checkpoint_every_steps": 250, "log_every_batches": 50, "max_anchors": 367260, "max_optimizer_steps": 11480, "order": "seeded_per_epoch_natural_anchor_permutation", "selection": "minimum_validation_run_macro_3s_error_m", "allow_tf32": false, "cudnn_benchmark": false, "cudnn_deterministic": true, "loss_scaler": null, "device_type": "cuda", "torch_version": "2.7.1+cu128"}, "epochs_completed": 10, "optimizer_steps": 11480, "anchors_visited": 367260, "best_epoch": 8, "best_validation_run_macro_3s_m": 0.06445934623479843, "best_validation_ade_m": 0.020980650559067726, "initial_weights_sha256": "9ee60335ab543451143c6a3005d026753713724e189c4df5058b0a1d9cdf6d9a", "reload_predictions_exact": true, "best_checkpoint": "/home/thistle/e2e_autonomous/runs/time_p1_20laps_20260913/command_on/best.pt", "training_elapsed_seconds": 5833.270263294999, "scope": "offline_fixed_condition_run_holdout", "test_evaluated": false, "runtime_ready": false}], "initial_weights_equal": true, "presentation_budgets_equal": true, "test_evaluated": false, "recommended_offline_candidate": "command_on", "scope": "same_course_same_conditions_run_holdout", "runtime_ready": false}
